name,slug,sku,model,shortDescription,fullDescription,status,sellingPrice,previousPrice,costPrice,weightKg,dimensions,installationAvailable,installationRequired,brandSlug,categorySlug,seoTitle,seoDescription,seoKeywords,canonicalUrl,quantityOnHand
"Sunsynk 5kW 48V Single-Phase Hybrid Solar Inverter","sunsynk-5kw-48v-single-phase-hybrid-solar-inverter","INV-SUN-5K-48V","SY-5K-24V-48V","Industry-leading 5kW hybrid inverter with dual MPPT controllers.","The Sunsynk 5kW 48V Hybrid Inverter is Kenya's most trusted solar power solution for homes and small offices.","ACTIVE",145000.0,160000.0,122000.0,24.5,"42.0 x 68.0 x 21.0 cm",true,true,"sunsynk","hybrid-solar-inverters","Sunsynk 5kW Hybrid Solar Inverter Price in Kenya | 48V MPPT","Buy Sunsynk 5kW 48V Hybrid Solar Inverter in Nairobi, Kenya.","sunsynk 5kw price kenya, 5kw hybrid inverter nairobi","https://nuruenergy.co.ke/products/sunsynk-5kw-48v-single-phase-hybrid-solar-inverter",0
"Lanneng Biogas Desulfurizer Filter Unit","lanneng-biogas-desulfurizer-filter","BG-LAN-DES-01","LN-DES-100","Iron oxide biogas desulfurization filter to remove H2S gas and protect biogas appliances.","The Lanneng Biogas Desulfurizer Filter removes corrosive hydrogen sulfide gas from biogas digester pipelines, preventing appliance damage and odor.","DRAFT",0.0,0.0,0.0,2.5,"15.0 x 15.0 x 40.0 cm",false,false,"lanneng","biogas-desulfurizers","Lanneng Biogas Desulfurizer Price in Kenya | H2S Biogas Filter","Buy Lanneng Biogas Desulfurizer Filter in Nairobi, Kenya. High-efficiency iron oxide filter for clean biogas cooking.","biogas desulfurizer kenya, biogas filter price nairobi, lanneng biogas filter","https://nuruenergy.co.ke/products/lanneng-biogas-desulfurizer-filter",0
"Lanneng Single Burner Biogas Stove","lanneng-single-burner-biogas-stove","BG-LAN-STR-01","LN-BS-01","Cast iron single burner biogas stove designed specifically for domestic biogas digesters.","Heavy-duty Lanneng single burner biogas cooker crafted from cast iron with precise flame adjustment for clean, smokeless domestic biogas cooking.","DRAFT",0.0,0.0,0.0,3.8,"30.0 x 30.0 x 15.0 cm",false,false,"lanneng","biogas-burners","Lanneng Single Burner Biogas Stove Price in Kenya","Buy Lanneng Single Burner Biogas Cooker in Nairobi, Kenya. High-heat output designed for household biogas digesters.","biogas stove single burner, lanneng biogas cooker price kenya","https://nuruenergy.co.ke/products/lanneng-single-burner-biogas-stove",0
"Lanneng Double Burner Biogas Stove","lanneng-double-burner-biogas-stove","BG-LAN-STR-02","LN-BS-02","Cast iron double burner biogas stove with dual independent control valves.","The Lanneng Double Burner Biogas Stove allows simultaneous cooking with two high-efficiency cast iron burners engineered for farm biogas systems.","DRAFT",0.0,0.0,0.0,6.5,"60.0 x 35.0 x 15.0 cm",false,false,"lanneng","biogas-burners","Lanneng Double Burner Biogas Stove Price in Kenya","Buy Lanneng Double Burner Biogas Stove in Nairobi, Kenya. Durable cast iron twin burner for fast cooking with farm biogas.","double burner biogas stove kenya, lanneng twin biogas cooker","https://nuruenergy.co.ke/products/lanneng-double-burner-biogas-stove",0
"Kukumom 64 Eggs Automatic AC/DC Incubator","kukumom-64-eggs-ac-dc-incubator","INC-KUK-64","KUK-64-ACDC","64-egg automatic incubator with dual 220V AC and 12V DC power inputs.","The Kukumom 64-egg incubator features automatic egg turning, digital temperature and humidity display, and 12V DC battery backup compatibility.","DRAFT",0.0,0.0,0.0,5.2,"50.0 x 50.0 x 25.0 cm",false,false,"kukumom","ac-dc-incubators","Kukumom 64 Egg Automatic AC/DC Incubator Price in Kenya","Buy Kukumom 64 Egg Automatic Incubator in Nairobi, Kenya. Dual 12V/220V power for seamless solar/battery backup during power cuts.","64 egg incubator price kenya, kukumom 64 eggs incubator, ac dc egg incubator nairobi","https://nuruenergy.co.ke/products/kukumom-64-eggs-ac-dc-incubator",0
"Kukumom 128 Eggs Automatic AC/DC Incubator","kukumom-128-eggs-ac-dc-incubator","INC-KUK-128","KUK-128-ACDC","128-egg double-tier automatic incubator with 12V/220V dual power input.","Two-layer Kukumom 128-egg incubator with automatic roller turning tray, LED egg candling light, and dual AC/DC power operation for high hatching success.","DRAFT",0.0,0.0,0.0,8.5,"53.0 x 53.0 x 38.0 cm",false,false,"kukumom","ac-dc-incubators","Kukumom 128 Egg Automatic AC/DC Incubator Price in Kenya","Buy Kukumom 128 Egg Automatic Incubator in Nairobi, Kenya. High hatch rate with 12V solar battery and 220V mains support.","128 egg incubator price kenya, kukumom 128 incubator nairobi","https://nuruenergy.co.ke/products/kukumom-128-eggs-ac-dc-incubator",0
"Kukumom 192 Eggs Automatic AC/DC Incubator","kukumom-192-eggs-ac-dc-incubator","INC-KUK-192","KUK-192-ACDC","192-egg 3-tier automatic incubator with intelligent humidity control.","Three-tier Kukumom 192-egg incubator equipped with precision temperature sensors, automatic water refilling system, and 12V DC emergency battery terminals.","DRAFT",0.0,0.0,0.0,11.5,"53.0 x 53.0 x 48.0 cm",false,false,"kukumom","ac-dc-incubators","Kukumom 192 Egg Automatic Incubator Price in Kenya","Order Kukumom 192 Egg Automatic Incubator in Nairobi, Kenya. 3-tier high capacity setter with dual AC/DC power input.","192 egg incubator kenya, kukumom 192 eggs incubator price","https://nuruenergy.co.ke/products/kukumom-192-eggs-ac-dc-incubator",0
"Kukumom 256 Eggs Automatic AC/DC Incubator","kukumom-256-eggs-ac-dc-incubator","INC-KUK-256","KUK-256-ACDC","4-tier 256-egg automatic incubator for poultry farms with 12V/220V dual power.","Heavy-duty 4-layer Kukumom 256-egg incubator designed for smallholder poultry hatcheries, featuring automatic egg turning and alarm notifications.","DRAFT",0.0,0.0,0.0,14.5,"53.0 x 53.0 x 60.0 cm",false,false,"kukumom","ac-dc-incubators","Kukumom 256 Egg Automatic AC/DC Incubator Price in Kenya","Buy Kukumom 256 Egg Automatic Incubator in Nairobi, Kenya. Reliable 4-tier incubator for chicken, duck, and quail eggs.","256 egg incubator price kenya, kukumom 256 eggs incubator","https://nuruenergy.co.ke/products/kukumom-256-eggs-ac-dc-incubator",0
"Kukumom 300 Eggs Automatic AC/DC Incubator","kukumom-300-eggs-ac-dc-incubator","INC-KUK-300","KUK-300-ACDC","300-egg automatic incubator cabinet with dual AC/DC power supply.","Compact cabinet-style 300-egg automatic poultry incubator with multi-function egg tray suitable for chicken, turkey, and goose eggs.","DRAFT",0.0,0.0,0.0,17.0,"60.0 x 60.0 x 75.0 cm",false,false,"kukumom","ac-dc-incubators","Kukumom 300 Egg Automatic Incubator Price in Kenya","Buy Kukumom 300 Egg Automatic Incubator in Nairobi, Kenya. Dual 12V DC and 220V AC powered cabinet incubator.","300 egg incubator price kenya, kukumom 300 eggs incubator","https://nuruenergy.co.ke/products/kukumom-300-eggs-ac-dc-incubator",0
"Kukumom 320 Eggs Automatic AC/DC Incubator","kukumom-320-eggs-ac-dc-incubator","INC-KUK-320","KUK-320-ACDC","5-tier 320-egg automatic incubator with dual 12V DC and 220V AC input.","Five-tier 320-egg automatic poultry incubator equipped with 360-degree roller trays, automated humidity pump, and dual power system.","DRAFT",0.0,0.0,0.0,18.5,"53.0 x 53.0 x 75.0 cm",false,false,"kukumom","ac-dc-incubators","Kukumom 320 Egg Automatic AC/DC Incubator Price in Kenya","Buy Kukumom 320 Egg Automatic Incubator in Nairobi, Kenya. 5-tier high efficiency incubator with dual power backup capability.","320 egg incubator price kenya, kukumom 320 eggs incubator","https://nuruenergy.co.ke/products/kukumom-320-eggs-ac-dc-incubator",0
"Premier 528 Eggs Commercial Automatic Incubator","premier-528-eggs-ac-dc-incubator","INC-PRE-528","PRE-528-CAB","Commercial 528-egg cabinet incubator with automatic egg turning cart.","The Premier 528-egg commercial cabinet incubator features digital microcomputer temperature control, automatic trolley turning, and emergency 12V battery port.","DRAFT",0.0,0.0,0.0,35.0,"80.0 x 70.0 x 110.0 cm",true,false,"premier","ac-dc-incubators","Premier 528 Egg Commercial Incubator Price in Kenya","Buy Premier 528 Egg Automatic Cabinet Incubator in Nairobi, Kenya. High hatching performance for commercial poultry farms.","528 egg incubator price kenya, premier 528 eggs incubator","https://nuruenergy.co.ke/products/premier-528-eggs-ac-dc-incubator",0
"Premier 1056 Eggs Commercial Automatic Incubator","premier-1056-eggs-commercial-incubator","INC-PRE-1056","PRE-1056-CAB","Commercial 1056-egg incubator with dual heating elements and digital controller.","Heavy-duty Premier 1056-egg commercial setter and hatcher cabinet with stainless steel egg trays, automatic humidity control, and dual AC/DC power connectors.","DRAFT",0.0,0.0,0.0,65.0,"100.0 x 75.0 x 140.0 cm",true,false,"premier","ac-dc-incubators","Premier 1056 Egg Commercial Automatic Incubator Price in Kenya","Buy Premier 1056 Egg Commercial Incubator in Nairobi, Kenya. Heavy-duty hatchery cabinet with automatic climate control.","1056 egg incubator price kenya, premier 1056 incubator nairobi","https://nuruenergy.co.ke/products/premier-1056-eggs-commercial-incubator",0
"Premier 2112 Eggs Commercial Automatic Incubator","premier-2112-eggs-commercial-incubator","INC-PRE-2112","PRE-2112-CAB","Large-scale commercial 2112-egg incubator and hatcher cabinet.","The Premier 2112-egg commercial hatchery unit offers high-capacity incubation, double-door temperature retention, automatic egg turning, and emergency generator/battery support.","DRAFT",0.0,0.0,0.0,110.0,"130.0 x 85.0 x 165.0 cm",true,false,"premier","ac-dc-incubators","Premier 2112 Egg Commercial Incubator Price in Kenya","Buy Premier 2112 Egg Commercial Incubator in Nairobi, Kenya. Industrial poultry hatching cabinet with full warranty and support.","2112 egg incubator price kenya, premier 2112 eggs incubator","https://nuruenergy.co.ke/products/premier-2112-eggs-commercial-incubator",0
"Solarmax 80W Polycrystalline Solar Panel","solarmax-80w-polycrystalline-solar-panel","PAN-SMX-80P","SMX-80W-POLY","80W 12V polycrystalline solar panel for lighting and small battery charging.","Solarmax 80W polycrystalline PV panel with heavy-duty aluminum frame and IP65 junction box for domestic 12V battery systems.","DRAFT",0.0,0.0,0.0,6.5,"92.0 x 67.0 x 3.0 cm",false,false,"solarmax","polycrystalline-solar-panels","Solarmax 80W Polycrystalline Solar Panel Price in Kenya","Buy Solarmax 80W Polycrystalline Solar Panel in Nairobi, Kenya. Compact panel for 12V solar home lighting systems.","solarmax 80w panel price kenya, 80w poly solar panel","https://nuruenergy.co.ke/products/solarmax-80w-polycrystalline-solar-panel",0
"Solarmax 120W Monocrystalline Solar Panel","solarmax-120w-monocrystalline-solar-panel","PAN-SMX-120M","SMX-120W-MONO","120W high efficiency monocrystalline solar panel for 12V batteries.","Solarmax 120W monocrystalline solar module engineered with anti-reflective glass for high daily amp-hour yield.","DRAFT",0.0,0.0,0.0,8.2,"110.0 x 67.0 x 3.0 cm",false,false,"solarmax","monocrystalline-solar-panels","Solarmax 120W Monocrystalline Solar Panel Price in Kenya","Buy Solarmax 120W Monocrystalline Solar Panel in Nairobi, Kenya. Premium 12V solar module for off-grid lighting and TV.","solarmax 120w solar panel price kenya, 120w mono solar panel","https://nuruenergy.co.ke/products/solarmax-120w-monocrystalline-solar-panel",0
"Solarmax 200W Monocrystalline Solar Panel","solarmax-200w-monocrystalline-solar-panel","PAN-SMX-200M","SMX-200W-MONO","200W high-efficiency monocrystalline solar panel for 12V and 24V solar systems.","The Solarmax 200W monocrystalline solar panel features high-transmission tempered glass, anodized aluminum frame, and bypass diodes for maximum power harvest.","DRAFT",0.0,0.0,0.0,11.5,"148.0 x 67.0 x 3.5 cm",false,false,"solarmax","monocrystalline-solar-panels","Solarmax 200W Monocrystalline Solar Panel Price in Kenya","Buy Solarmax 200W Monocrystalline Solar Panel in Nairobi, Kenya. High cell efficiency for home lighting, water pumps, and battery charging.","solarmax 200w panel price kenya, 200w monocrystalline solar panel nairobi","https://nuruenergy.co.ke/products/solarmax-200w-monocrystalline-solar-panel",0
"Solarmax 350W Monocrystalline Solar Panel","solarmax-350w-monocrystalline-solar-panel","PAN-SMX-350M","SMX-350W-MONO","350W high-output monocrystalline PV panel for home solar systems and hybrid inverters.","High-performance 350W Solarmax monocrystalline solar panel built with PERC cell technology for enhanced performance under weak light conditions.","DRAFT",0.0,0.0,0.0,18.5,"168.0 x 100.0 x 3.5 cm",false,false,"solarmax","monocrystalline-solar-panels","Solarmax 350W Monocrystalline Solar Panel Price in Kenya","Buy Solarmax 350W Monocrystalline Solar Panel in Nairobi, Kenya. Ideal for 24V and 48V solar hybrid inverter installations.","solarmax 350w panel price kenya, 350w solar panel nairobi","https://nuruenergy.co.ke/products/solarmax-350w-monocrystalline-solar-panel",0
"Solarmax 450W Monocrystalline Solar Panel","solarmax-450w-monocrystalline-solar-panel","PAN-SMX-450M","SMX-450W-MONO","450W half-cut cell monocrystalline solar panel for residential and commercial solar.","Solarmax 450W monocrystalline panel engineered with half-cut cell technology to reduce power losses and maximize daily power generation.","DRAFT",0.0,0.0,0.0,23.0,"209.0 x 104.0 x 3.5 cm",false,false,"solarmax","monocrystalline-solar-panels","Solarmax 450W Monocrystalline Solar Panel Price in Kenya","Buy Solarmax 450W Monocrystalline Solar Panel in Nairobi, Kenya. Half-cell PERC technology with 25-year performance warranty.","solarmax 450w solar panel price, 450w mono solar panel kenya","https://nuruenergy.co.ke/products/solarmax-450w-monocrystalline-solar-panel",0
"Jinko Tiger Neo 580W N-Type Monocrystalline Solar Panel","jinko-580w-n-type-monocrystalline-solar-panel","PAN-JIN-580M","JKM580N-72HL4","Tier-1 Jinko Tiger Neo 580W N-Type TOPCon monocrystalline bifacial solar panel.","Jinko Solar 580W Tiger Neo N-Type solar panel featuring TOPCon cell architecture for ultra-high conversion efficiency and zero light-induced degradation.","DRAFT",0.0,0.0,0.0,28.0,"227.0 x 113.0 x 3.5 cm",false,false,"jinko-solar","monocrystalline-solar-panels","Jinko 580W N-Type Monocrystalline Solar Panel Price in Kenya","Buy Tier-1 Jinko Tiger Neo 580W Monocrystalline Solar Panel in Nairobi, Kenya. Maximum power output with 25-year product warranty.","jinko 580w solar panel price kenya, 580w monocrystalline solar panel nairobi","https://nuruenergy.co.ke/products/jinko-580w-n-type-monocrystalline-solar-panel",0
"Phoenix 150W Polycrystalline Solar Panel","phoenix-150w-polycrystalline-solar-panel","PAN-PHX-150P","PHX-150W-POLY","150W durable polycrystalline solar panel for 12V solar lighting and water pumping.","Phoenix 150W polycrystalline solar panel constructed with anti-reflective glass and rugged aluminum alloy frame for high durability in hot climates.","DRAFT",0.0,0.0,0.0,9.8,"148.0 x 67.0 x 3.0 cm",false,false,"phoenix","polycrystalline-solar-panels","Phoenix 150W Polycrystalline Solar Panel Price in Kenya","Buy Phoenix 150W Polycrystalline Solar Panel in Nairobi, Kenya. Great value solar panel for 12V battery charging and farm solar lighting.","phoenix 150w solar panel price kenya, poly solar panel 150w","https://nuruenergy.co.ke/products/phoenix-150w-polycrystalline-solar-panel",0
"Phoenix 200W Monocrystalline Solar Panel","phoenix-200w-monocrystalline-solar-panel","PAN-PHX-200M","PHX-200W-MONO","200W high-efficiency monocrystalline solar panel from Phoenix.","Phoenix 200W monocrystalline solar panel engineered for superior output in tropical climates with 5-busbar solar cell layout.","DRAFT",0.0,0.0,0.0,11.5,"148.0 x 67.0 x 3.5 cm",false,false,"phoenix","monocrystalline-solar-panels","Phoenix 200W Monocrystalline Solar Panel Price in Kenya","Buy Phoenix 200W Monocrystalline Solar Panel in Nairobi, Kenya. High performance module for 12V and 24V solar systems.","phoenix 200w solar panel price kenya, 200w mono solar panel","https://nuruenergy.co.ke/products/phoenix-200w-monocrystalline-solar-panel",0
"Golden Solar 250W Monocrystalline Solar Panel","golden-solar-250w-monocrystalline-solar-panel","PAN-GOL-250M","GOL-250W-MONO","250W monocrystalline solar panel for home off-grid power installations.","Golden Solar 250W monocrystalline PV panel designed with high mechanical strength frame and bypass diodes to minimize shading loss.","DRAFT",0.0,0.0,0.0,14.2,"164.0 x 99.0 x 3.5 cm",false,false,"golden-solar","monocrystalline-solar-panels","Golden Solar 250W Monocrystalline Solar Panel Price in Kenya","Buy Golden Solar 250W Monocrystalline Solar Panel in Nairobi, Kenya. Dependable module for home solar kits and battery charging.","golden solar 250w panel price kenya, 250w solar panel nairobi","https://nuruenergy.co.ke/products/golden-solar-250w-monocrystalline-solar-panel",0
"Golden Solar 300W Monocrystalline Solar Panel","golden-solar-300w-monocrystalline-solar-panel","PAN-GOL-300M","GOL-300W-MONO","300W monocrystalline solar panel with high solar conversion efficiency.","Golden Solar 300W monocrystalline solar module with IP67 junction box and MC4 connectors for quick connection to hybrid inverters and controllers.","DRAFT",0.0,0.0,0.0,16.5,"164.0 x 99.0 x 3.5 cm",false,false,"golden-solar","monocrystalline-solar-panels","Golden Solar 300W Monocrystalline Solar Panel Price in Kenya","Buy Golden Solar 300W Monocrystalline Solar Panel in Nairobi, Kenya. Dependable power for off-grid solar kits and battery systems.","golden solar 300w panel price kenya, 300w mono solar panel","https://nuruenergy.co.ke/products/golden-solar-300w-monocrystalline-solar-panel",0
"Sunnypex 180W Monocrystalline Solar Panel","sunnypex-180w-monocrystalline-solar-panel","PAN-SPX-180M","SPX-180W-MONO","180W 12V monocrystalline solar panel for residential solar systems.","Sunnypex 180W monocrystalline solar panel delivering excellent low-light performance for home solar kits and battery charging.","DRAFT",0.0,0.0,0.0,10.8,"148.0 x 67.0 x 3.5 cm",false,false,"sunnypex","monocrystalline-solar-panels","Sunnypex 180W Monocrystalline Solar Panel Price in Kenya","Buy Sunnypex 180W Monocrystalline Solar Panel in Nairobi, Kenya. Reliable solar module for off-grid lighting and 12V batteries.","sunnypex 180w solar panel price, 180w mono solar panel kenya","https://nuruenergy.co.ke/products/sunnypex-180w-monocrystalline-solar-panel",0
"Sunnypex 250W Monocrystalline Solar Panel","sunnypex-250w-monocrystalline-solar-panel","PAN-SPX-250M","SPX-250W-MONO","250W monocrystalline PV panel for residential solar systems.","Sunnypex 250W monocrystalline solar panel designed for reliable 12V/24V power generation with heavy-duty aluminum framing.","DRAFT",0.0,0.0,0.0,14.0,"164.0 x 99.0 x 3.5 cm",false,false,"sunnypex","monocrystalline-solar-panels","Sunnypex 250W Monocrystalline Solar Panel Price in Kenya","Buy Sunnypex 250W Monocrystalline Solar Panel in Nairobi, Kenya. Reliable solar module for home off-grid power systems.","sunnypex 250w solar panel price, 250w monocrystalline solar panel kenya","https://nuruenergy.co.ke/products/sunnypex-250w-monocrystalline-solar-panel",0
"Solar Nyumbani 100W Monocrystalline Solar Panel","solar-nyumbani-100w-monocrystalline-solar-panel","PAN-SNY-100M","SNY-100W-MONO","100W 12V monocrystalline solar panel tailored for household lighting.","Solar Nyumbani 100W monocrystalline solar panel engineered for small off-grid home lighting kits, TV powering, and phone charging.","DRAFT",0.0,0.0,0.0,7.2,"100.0 x 67.0 x 3.0 cm",false,false,"solar-nyumbani","monocrystalline-solar-panels","Solar Nyumbani 100W Monocrystalline Solar Panel Price in Kenya","Buy Solar Nyumbani 100W Monocrystalline Solar Panel in Nairobi, Kenya. Compact panel for home lighting and 12V battery charging.","solar nyumbani 100w panel price kenya, 100w solar panel nairobi","https://nuruenergy.co.ke/products/solar-nyumbani-100w-monocrystalline-solar-panel",0
"Solar Nyumbani 150W Monocrystalline Solar Panel","solar-nyumbani-150w-monocrystalline-solar-panel","PAN-SNY-150M","SNY-150W-MONO","150W 12V monocrystalline panel designed for rural electrification.","Solar Nyumbani 150W monocrystalline panel engineered to power home TV, lighting, audio systems, and battery banks.","DRAFT",0.0,0.0,0.0,9.5,"148.0 x 67.0 x 3.0 cm",false,false,"solar-nyumbani","monocrystalline-solar-panels","Solar Nyumbani 150W Monocrystalline Solar Panel Price in Kenya","Buy Solar Nyumbani 150W Monocrystalline Solar Panel in Nairobi, Kenya. Reliable panel for rural household lighting and entertainment.","solar nyumbani 150w panel price kenya, 150w solar panel","https://nuruenergy.co.ke/products/solar-nyumbani-150w-monocrystalline-solar-panel",0
"Maxcell 400W Monocrystalline Solar Panel","maxcell-400w-monocrystalline-solar-panel","PAN-MAX-400M","MX-400W-MONO","400W monocrystalline solar panel for residential hybrid solar inverters.","Maxcell 400W monocrystalline panel with PERC cell efficiency and high snow/wind load resistance for long lifespan.","DRAFT",0.0,0.0,0.0,21.0,"175.0 x 109.0 x 3.5 cm",false,false,"maxcell","monocrystalline-solar-panels","Maxcell 400W Monocrystalline Solar Panel Price in Kenya","Buy Maxcell 400W Monocrystalline Solar Panel in Nairobi, Kenya. High output panel for hybrid inverter solar systems.","maxcell 400w panel price kenya, 400w solar panel nairobi","https://nuruenergy.co.ke/products/maxcell-400w-monocrystalline-solar-panel",0
"Maxcell 500W Monocrystalline Solar Panel","maxcell-500w-monocrystalline-solar-panel","PAN-MAX-500M","MX-500W-MONO","500W half-cut cell monocrystalline solar panel.","Maxcell 500W monocrystalline panel built with 132 half-cut PERC solar cells to deliver ultra-high power output under tropical sun.","DRAFT",0.0,0.0,0.0,25.5,"209.0 x 113.0 x 3.5 cm",false,false,"maxcell","monocrystalline-solar-panels","Maxcell 500W Monocrystalline Solar Panel Price in Kenya","Buy Maxcell 500W Monocrystalline Solar Panel in Nairobi, Kenya. Commercial solar panel for solar kits and water pumps.","maxcell 500w panel price kenya, 500w solar panel nairobi","https://nuruenergy.co.ke/products/maxcell-500w-monocrystalline-solar-panel",0
"Maxcell 545W Monocrystalline Solar Panel","maxcell-545w-monocrystalline-solar-panel","PAN-MAX-545M","MX-545W-MONO","545W high-efficiency half-cell monocrystalline solar panel.","Maxcell 545W monocrystalline solar panel with 144 half-cut cells, high mechanical load tolerance, and low temperature coefficient for tropical heat.","DRAFT",0.0,0.0,0.0,27.5,"227.0 x 113.0 x 3.5 cm",false,false,"maxcell","monocrystalline-solar-panels","Maxcell 545W Monocrystalline Solar Panel Price in Kenya","Buy Maxcell 545W Monocrystalline Solar Panel in Nairobi, Kenya. Commercial grade panel for lithium solar systems and hybrid inverters.","maxcell 545w panel price kenya, 545w solar panel nairobi","https://nuruenergy.co.ke/products/maxcell-545w-monocrystalline-solar-panel",0
"Maxcell 615W Commercial Monocrystalline Solar Panel","maxcell-615w-monocrystalline-solar-panel","PAN-MAX-615M","MX-615W-MONO","615W high-power monocrystalline solar panel for commercial solar farms.","Maxcell 615W monocrystalline panel engineered for utility-scale solar arrays, high voltage hybrid inverters, and heavy water pumping.","DRAFT",0.0,0.0,0.0,30.5,"238.0 x 113.0 x 3.5 cm",false,false,"maxcell","monocrystalline-solar-panels","Maxcell 615W Monocrystalline Solar Panel Price in Kenya","Buy Maxcell 615W Monocrystalline Solar Panel in Nairobi, Kenya. High output commercial panel with 25-year warranty.","maxcell 615w solar panel price, 615w solar panel kenya","https://nuruenergy.co.ke/products/maxcell-615w-monocrystalline-solar-panel",0
"Maxcell 645W High-Efficiency Monocrystalline Solar Panel","maxcell-645w-monocrystalline-solar-panel","PAN-MAX-645M","MX-645W-MONO","645W ultra-high power monocrystalline solar panel.","Maxcell 645W monocrystalline panel built with N-Type TOPCon cell technology for maximum energy yield per square meter.","DRAFT",0.0,0.0,0.0,32.0,"238.0 x 130.0 x 3.5 cm",false,false,"maxcell","monocrystalline-solar-panels","Maxcell 645W Monocrystalline Solar Panel Price in Kenya","Buy Maxcell 645W Monocrystalline Solar Panel in Nairobi, Kenya. Maximum energy density panel for industrial solar systems.","maxcell 645w panel price kenya, 645w solar panel nairobi","https://nuruenergy.co.ke/products/maxcell-645w-monocrystalline-solar-panel",0
"Premier 50Ah 12V Deep Cycle Gel Solar Battery","premier-50ah-12v-gel-battery","BAT-PRE-50G","PRE-50AH-GEL","50Ah 12V maintenance-free gel solar battery for small lighting kits.","Premier 50Ah 12V gel battery designed for small solar home kits, portable inverters, and farm security lighting.","DRAFT",0.0,0.0,0.0,15.0,"23.0 x 14.0 x 21.0 cm",false,false,"premier","gel-deep-cycle-batteries","Premier 50Ah 12V Gel Solar Battery Price in Kenya","Buy Premier 50Ah 12V Deep Cycle Gel Solar Battery in Nairobi, Kenya. Compact leak-proof battery for small solar systems.","premier 50ah gel battery price kenya, 50ah solar battery","https://nuruenergy.co.ke/products/premier-50ah-12v-gel-battery",0
"Premier 100Ah 12V Gel Deep Cycle Solar Battery","premier-100ah-12v-gel-deep-cycle-battery","BAT-PRE-100G","PRE-100AH-GEL","100Ah 12V sealed maintenance-free gel deep cycle solar battery.","Premier 100Ah 12V gel solar battery built with thick lead-calcium plates and nano-gel electrolyte for extended deep discharge cycle life in solar systems.","DRAFT",0.0,0.0,0.0,29.5,"33.0 x 17.0 x 22.0 cm",false,false,"premier","gel-deep-cycle-batteries","Premier 100Ah 12V Gel Solar Battery Price in Kenya","Buy Premier 100Ah 12V Deep Cycle Gel Solar Battery in Nairobi, Kenya. Sealed leak-proof design with 3-year design life.","premier 100ah gel battery price kenya, 100ah solar battery nairobi","https://nuruenergy.co.ke/products/premier-100ah-12v-gel-deep-cycle-battery",0
"Ritar 100Ah 12V Deep Cycle Gel Solar Battery","ritar-100ah-12v-gel-battery","BAT-RIT-100G","DG12-100","100Ah 12V sealed maintenance free gel solar battery.","Ritar 100Ah 12V gel battery with high cyclic performance and deep discharge resilience for home inverters and solar systems.","DRAFT",0.0,0.0,0.0,30.0,"33.0 x 17.1 x 22.0 cm",false,false,"ritar","gel-deep-cycle-batteries","Ritar 100Ah 12V Gel Solar Battery Price in Kenya","Buy genuine Ritar 100Ah 12V Deep Cycle Gel Solar Battery in Nairobi, Kenya. High quality battery for solar power storage.","ritar 100ah gel battery price kenya, ritar 100ah solar battery","https://nuruenergy.co.ke/products/ritar-100ah-12v-gel-battery",0
"Ritar 200Ah 12V Maintenance-Free Solar Gel Battery","ritar-200ah-12v-solar-gel-battery","BAT-RIT-200G","DG12-200","200Ah 12V deep cycle gel solar battery with high cycle stability.","The Ritar 200Ah 12V gel solar battery is East Africa's benchmark deep cycle energy storage battery, offering 1500+ cycles at 50% DOD.","DRAFT",0.0,0.0,0.0,59.0,"52.2 x 24.0 x 22.0 cm",false,false,"ritar","gel-deep-cycle-batteries","Ritar 200Ah 12V Gel Solar Battery Price in Kenya","Buy genuine Ritar 200Ah 12V Deep Cycle Gel Solar Battery in Nairobi, Kenya. Long life backup power for solar inverters and UPS.","ritar 200ah gel battery price kenya, ritar 200ah solar battery nairobi","https://nuruenergy.co.ke/products/ritar-200ah-12v-solar-gel-battery",0
"Chloride Exide 200Ah 12V Solar Deep Cycle Battery","chloride-exide-200ah-12v-solar-battery","BAT-CHL-200D","CHL-SOL-200","200Ah 12V heavy-duty deep cycle solar battery with official manufacturer warranty.","Chloride Exide 200Ah 12V solar battery designed for harsh East African off-grid operating conditions with high charge acceptance.","DRAFT",0.0,0.0,0.0,58.0,"52.0 x 24.0 x 22.0 cm",false,false,"chloride","lead-acid-solar-batteries","Chloride Exide 200Ah 12V Solar Battery Price in Kenya","Buy Chloride Exide 200Ah 12V Solar Deep Cycle Battery in Nairobi, Kenya. Official manufacturer warranty and trusted local performance.","chloride exide 200ah solar battery price, chloride exide battery nairobi","https://nuruenergy.co.ke/products/chloride-exide-200ah-12v-solar-battery",0
"Felicity Solar 5.12kWh 48V 100Ah LiFePO4 Lithium Battery","felicity-5-12kwh-48v-lithium-battery","BAT-FEL-5.12L","LPBF48100-H","5.12kWh 48V 100Ah wall-mounted LiFePO4 lithium solar battery with smart BMS.","Felicity Solar 5.12kWh wall-mounted lithium battery features premium LiFePO4 chemistry, 6000+ cycle life, LCD status display, and RS485/CAN inverter communication.","DRAFT",0.0,0.0,0.0,45.0,"48.0 x 60.0 x 16.0 cm",true,true,"felicity-solar","lithium-lifepo4-batteries","Felicity Solar 5.12kWh 48V Lithium Battery Price in Kenya","Buy Felicity Solar 5.12kWh 48V 100Ah LiFePO4 Lithium Battery in Nairobi, Kenya. 6000+ cycles with built-in smart BMS protection.","felicity solar 5.12kwh lithium battery price kenya, 48v 100ah lithium battery","https://nuruenergy.co.ke/products/felicity-5-12kwh-48v-lithium-battery",0
"Felicity Solar 10kWh 48V 200Ah Wall-Mounted Lithium Battery","felicity-10kwh-48v-lithium-battery","BAT-FEL-10L","LPBF48200-M","10kWh 48V 200Ah high-capacity wall-mounted LiFePO4 lithium battery.","High-capacity Felicity Solar 10kWh lithium energy storage battery engineered for luxury residential and commercial hybrid solar installations.","DRAFT",0.0,0.0,0.0,88.0,"65.0 x 75.0 x 22.0 cm",true,true,"felicity-solar","lithium-lifepo4-batteries","Felicity Solar 10kWh 48V Lithium Battery Price in Kenya","Buy Felicity Solar 10kWh 48V 200Ah LiFePO4 Lithium Battery in Nairobi, Kenya. 6000+ cycles for long term solar independence.","felicity solar 10kwh lithium battery price kenya, 10kwh solar battery nairobi","https://nuruenergy.co.ke/products/felicity-10kwh-48v-lithium-battery",0
"Felicity Solar 12.5kWh 48V 250Ah Lithium LiFePO4 Battery","felicity-12-5kwh-48v-lithium-battery","BAT-FEL-12.5L","LPBF48250","12.5kWh 48V 250Ah high density wall-mounted lithium battery pack.","Felicity Solar 12.5kWh lithium battery with advanced BMS, zero maintenance, and high discharge depth for whole-house off-grid solar.","DRAFT",0.0,0.0,0.0,105.0,"75.0 x 85.0 x 22.0 cm",true,true,"felicity-solar","lithium-lifepo4-batteries","Felicity Solar 12.5kWh 48V Lithium Battery Price in Kenya","Buy Felicity Solar 12.5kWh 48V LiFePO4 Lithium Battery in Nairobi, Kenya. Large capacity battery storage for solar power systems.","felicity 12.5kwh lithium battery price, 48v 250ah lithium battery","https://nuruenergy.co.ke/products/felicity-12-5kwh-48v-lithium-battery",0
"Must 100Ah 48V Wall Mounted Lithium LiFePO4 Battery","must-100ah-48v-lithium-battery","BAT-MST-100L","LP1600-48100","5.12kWh 48V 100Ah lithium battery bank compatible with Must and Sunsynk inverters.","Must LP1600 48V 100Ah wall-mounted LiFePO4 battery pack with intelligent battery monitoring system, parallel expansion support, and long lifespan.","DRAFT",0.0,0.0,0.0,44.0,"48.0 x 60.0 x 15.0 cm",true,true,"must-solar","lithium-lifepo4-batteries","Must 100Ah 48V Lithium Battery Price in Kenya | 5.12kWh","Buy Must 48V 100Ah (5.12kWh) LiFePO4 Lithium Solar Battery in Nairobi, Kenya. Seamless compatibility with Must and Sunsynk hybrid inverters.","must 48v 100ah lithium battery price kenya, must lithium battery nairobi","https://nuruenergy.co.ke/products/must-100ah-48v-lithium-battery",0
"Must 200Ah 48V Wall Mounted Lithium Battery (10.24kWh)","must-200ah-48v-lithium-battery","BAT-MST-200L","LP1600-48200","10.24kWh 48V 200Ah LiFePO4 lithium battery with smart CAN BMS.","Must 10.24kWh wall-mounted lithium battery pack supporting up to 15 units parallel connection for residential and commercial solar installations.","DRAFT",0.0,0.0,0.0,86.0,"65.0 x 75.0 x 20.0 cm",true,true,"must-solar","lithium-lifepo4-batteries","Must 200Ah 48V Lithium Battery Price in Kenya | 10.24kWh","Buy Must 48V 200Ah (10.24kWh) LiFePO4 Lithium Battery in Nairobi, Kenya. High capacity wall mounted battery for 5kW and 8kW inverters.","must 48v 200ah lithium battery price, 10kwh lithium battery kenya","https://nuruenergy.co.ke/products/must-200ah-48v-lithium-battery",0
"Solarmax 200Ah 12V Deep Cycle Solar Gel Battery","solarmax-200ah-12v-solar-gel-battery","BAT-SMX-200G","SMX-GEL-200","200Ah 12V maintenance-free gel solar battery for inverter backup.","Solarmax 200Ah 12V gel battery engineered for continuous power backup and solar deep cycle applications with low self-discharge rate.","DRAFT",0.0,0.0,0.0,57.5,"52.0 x 24.0 x 22.0 cm",false,false,"solarmax","gel-deep-cycle-batteries","Solarmax 200Ah 12V Gel Solar Battery Price in Kenya","Buy Solarmax 200Ah 12V Deep Cycle Gel Solar Battery in Nairobi, Kenya. Sealed gel battery for home inverters and solar systems.","solarmax 200ah gel battery price kenya, 200ah solar battery nairobi","https://nuruenergy.co.ke/products/solarmax-200ah-12v-solar-gel-battery",0
"Sunnypex 150Ah 12V Solar Gel Battery","sunnypex-150ah-12v-solar-gel-battery","BAT-SPX-150G","SPX-GEL-150","150Ah 12V deep cycle gel solar energy storage battery.","Sunnypex 150Ah 12V deep cycle gel battery ideal for home solar power kits, 1000W inverters, and agricultural solar setups.","DRAFT",0.0,0.0,0.0,42.0,"48.0 x 17.0 x 24.0 cm",false,false,"sunnypex","gel-deep-cycle-batteries","Sunnypex 150Ah 12V Gel Solar Battery Price in Kenya","Buy Sunnypex 150Ah 12V Deep Cycle Gel Battery in Nairobi, Kenya. Reliable medium-capacity energy storage for solar kits.","sunnypex 150ah gel battery price, 150ah solar battery kenya","https://nuruenergy.co.ke/products/sunnypex-150ah-12v-solar-gel-battery",0
"Sunnypex 200Ah 12V Deep Cycle Solar Gel Battery","sunnypex-200ah-12v-solar-gel-battery","BAT-SPX-200G","SPX-GEL-200","200Ah 12V maintenance-free gel solar battery.","Sunnypex 200Ah 12V gel solar battery built for extended backup duration and high resistance to power blackouts.","DRAFT",0.0,0.0,0.0,58.0,"52.0 x 24.0 x 22.0 cm",false,false,"sunnypex","gel-deep-cycle-batteries","Sunnypex 200Ah 12V Gel Solar Battery Price in Kenya","Buy Sunnypex 200Ah 12V Deep Cycle Gel Battery in Nairobi, Kenya. Heavy duty solar battery for inverter backup.","sunnypex 200ah gel battery price, 200ah solar battery kenya","https://nuruenergy.co.ke/products/sunnypex-200ah-12v-solar-gel-battery",0
"Wenda 200Ah 12V Deep Cycle Solar Battery","wenda-200ah-12v-deep-cycle-battery","BAT-WEN-200G","WD-GEL-200","200Ah 12V maintenance-free deep cycle gel solar battery.","Wenda 200Ah 12V solar gel battery featuring heavy-duty grid alloy and micro-porous gel separators for robust off-grid battery bank building.","DRAFT",0.0,0.0,0.0,56.0,"52.0 x 24.0 x 22.0 cm",false,false,"wenda","gel-deep-cycle-batteries","Wenda 200Ah 12V Gel Solar Battery Price in Kenya","Buy Wenda 200Ah 12V Deep Cycle Gel Solar Battery in Nairobi, Kenya. Affordable deep cycle battery for solar installations.","wenda 200ah battery price kenya, 200ah gel battery nairobi","https://nuruenergy.co.ke/products/wenda-200ah-12v-deep-cycle-battery",0
"Allgrand 200Ah 12V Deep Cycle Gel Battery","allgrand-200ah-12v-deep-cycle-gel-battery","BAT-ALG-200G","AG-GEL-200","200Ah 12V high performance gel solar battery.","Allgrand 200Ah 12V gel deep cycle battery with thick lead plates for long discharge cycles in solar power backup systems.","DRAFT",0.0,0.0,0.0,57.0,"52.0 x 24.0 x 22.0 cm",false,false,"allgrand","gel-deep-cycle-batteries","Allgrand 200Ah 12V Gel Solar Battery Price in Kenya","Buy Allgrand 200Ah 12V Deep Cycle Gel Battery in Nairobi, Kenya. High quality battery storage for solar power systems.","allgrand 200ah battery price kenya, 200ah gel battery","https://nuruenergy.co.ke/products/allgrand-200ah-12v-deep-cycle-gel-battery",0
"Gaston 200Ah 12V Deep Cycle Gel Battery","gaston-200ah-12v-deep-cycle-gel-battery","BAT-GAS-200G","GT-GEL-200","200Ah 12V long-life deep cycle gel battery.","Gaston 200Ah 12V gel battery designed for deep discharge resilience in solar power storage systems and emergency UPS backup.","DRAFT",0.0,0.0,0.0,57.0,"52.0 x 24.0 x 22.0 cm",false,false,"gaston","gel-deep-cycle-batteries","Gaston 200Ah 12V Gel Solar Battery Price in Kenya","Buy Gaston 200Ah 12V Deep Cycle Gel Battery in Nairobi, Kenya. Long cycle life for home solar power storage.","gaston 200ah gel battery price, 200ah solar battery kenya","https://nuruenergy.co.ke/products/gaston-200ah-12v-deep-cycle-gel-battery",0
"Amizar 200Ah 12V Deep Cycle Gel Battery","amizar-200ah-12v-deep-cycle-gel-battery","BAT-AMI-200G","AM-GEL-200","200Ah 12V maintenance free gel solar battery.","Amizar 200Ah 12V deep cycle gel battery engineered for continuous power backup and solar power energy storage.","DRAFT",0.0,0.0,0.0,56.5,"52.0 x 24.0 x 22.0 cm",false,false,"amizar","gel-deep-cycle-batteries","Amizar 200Ah 12V Gel Solar Battery Price in Kenya","Buy Amizar 200Ah 12V Deep Cycle Gel Battery in Nairobi, Kenya. Durable solar energy storage for inverters.","amizar 200ah battery price kenya, amizar solar battery","https://nuruenergy.co.ke/products/amizar-200ah-12v-deep-cycle-gel-battery",0
"Powermate 200Ah 12V Solar Energy Storage Battery","powermate-200ah-12v-solar-battery","BAT-PWM-200G","PWM-GEL-200","200Ah 12V deep cycle solar battery for home and office power.","Powermate 200Ah 12V solar gel battery engineered for consistent voltage output and high thermal tolerance during deep discharges.","DRAFT",0.0,0.0,0.0,56.5,"52.0 x 24.0 x 22.0 cm",false,false,"powermate","gel-deep-cycle-batteries","Powermate 200Ah 12V Gel Solar Battery Price in Kenya","Buy Powermate 200Ah 12V Deep Cycle Gel Battery in Nairobi, Kenya. Durable solar energy storage for inverters.","powermate 200ah battery price kenya, powermate solar battery","https://nuruenergy.co.ke/products/powermate-200ah-12v-solar-battery",0
"Must 1.5kW 12V Pure Sine Wave Hybrid Inverter","must-1-5kw-12v-hybrid-solar-inverter","INV-MST-1.5K-12V","PV18-1512VHM","1.5kW 12V pure sine wave hybrid inverter with 60A MPPT controller.","Must 1.5kW 12V hybrid inverter featuring 60A built-in MPPT controller, LCD display, and AC generator auto-restart feature.","DRAFT",0.0,0.0,0.0,8.5,"30.0 x 40.0 x 12.0 cm",true,true,"must-solar","hybrid-solar-inverters","Must 1.5kW 12V Hybrid Solar Inverter Price in Kenya","Buy Must 1.5kW 12V Hybrid Solar Inverter in Nairobi, Kenya. Pure sine wave output with built-in MPPT controller.","must 1.5kw inverter price kenya, 12v solar inverter nairobi","https://nuruenergy.co.ke/products/must-1-5kw-12v-hybrid-solar-inverter",0
"Must 3kW 24V Hybrid Solar Inverter","must-3kw-24v-hybrid-solar-inverter","INV-MST-3K-24V","PV18-3024VHM","3kW 24V pure sine wave hybrid inverter with built-in 80A MPPT charge controller.","Must PV1800 3kW 24V hybrid solar inverter supporting solar PV input, AC utility charging, and intelligent battery priority management.","DRAFT",0.0,0.0,0.0,11.5,"35.0 x 48.0 x 14.0 cm",true,true,"must-solar","hybrid-solar-inverters","Must 3kW 24V Hybrid Solar Inverter Price in Kenya | 80A MPPT","Buy Must 3kW 24V Hybrid Solar Inverter in Nairobi, Kenya. Pure sine wave output with built-in 80A MPPT solar controller.","must 3kw hybrid inverter price kenya, 3kw solar inverter 24v nairobi","https://nuruenergy.co.ke/products/must-3kw-24v-hybrid-solar-inverter",0
"Must 5kW 48V Pure Sine Wave Hybrid Inverter","must-5kw-48v-hybrid-solar-inverter","INV-MST-5K-48V","PV18-5048VHM","5kW 48V hybrid solar inverter with 80A MPPT controller and parallel function.","Must PV1800 5kW 48V hybrid inverter engineered for whole-house solar power supply, featuring dual AC outputs and high PV voltage range.","DRAFT",0.0,0.0,0.0,14.0,"35.0 x 50.0 x 14.0 cm",true,true,"must-solar","hybrid-solar-inverters","Must 5kW 48V Hybrid Solar Inverter Price in Kenya","Buy Must 5kW 48V Pure Sine Wave Hybrid Inverter in Nairobi, Kenya. High-efficiency 80A MPPT solar charge controller.","must 5kw hybrid inverter price kenya, 5kw solar inverter 48v nairobi","https://nuruenergy.co.ke/products/must-5kw-48v-hybrid-solar-inverter",0
"Felicity Solar 3.5kW 24V Hybrid Solar Inverter","felicity-3-5kw-24v-hybrid-solar-inverter","INV-FEL-3.5K-24V","FL-IVPS3524","3.5kW 24V hybrid solar inverter with built-in MPPT solar charge controller.","Felicity Solar 3.5kW 24V hybrid inverter designed for home solar systems with pure sine wave output and customizable charger priority.","DRAFT",0.0,0.0,0.0,14.0,"35.0 x 48.0 x 15.0 cm",true,true,"felicity-solar","hybrid-solar-inverters","Felicity Solar 3.5kW 24V Hybrid Inverter Price in Kenya","Buy Felicity Solar 3.5kW 24V Hybrid Solar Inverter in Nairobi, Kenya. Pure sine wave power for home lights, TV, and fridge.","felicity 3.5kw inverter price kenya, 3.5kw hybrid inverter","https://nuruenergy.co.ke/products/felicity-3-5kw-24v-hybrid-solar-inverter",0
"Felicity Solar 5kW 48V Hybrid Solar Inverter","felicity-5kw-48v-hybrid-solar-inverter","INV-FEL-5K-48V","FL-IVPS5048","5kW 48V hybrid solar inverter with high surge power capability.","Felicity Solar 5kW 48V hybrid inverter with integrated MPPT controller, generator auto-start contacts, and smart Wi-Fi monitoring support.","DRAFT",0.0,0.0,0.0,18.0,"40.0 x 55.0 x 18.0 cm",true,true,"felicity-solar","hybrid-solar-inverters","Felicity Solar 5kW 48V Hybrid Inverter Price in Kenya","Buy Felicity Solar 5kW 48V Hybrid Solar Inverter in Nairobi, Kenya. Reliable pure sine wave power for homes and small businesses.","felicity solar 5kw inverter price kenya, 5kw hybrid inverter 48v","https://nuruenergy.co.ke/products/felicity-5kw-48v-hybrid-solar-inverter",0
"Solarmax 3kW 24V Hybrid Solar Inverter","solarmax-3kw-24v-hybrid-solar-inverter","INV-SMX-3K-24V","SMX-3KVA-24V","3kW 24V pure sine wave hybrid inverter with integrated MPPT controller.","Solarmax 3kW 24V hybrid solar inverter designed for domestic solar installations with configurable grid and solar charge priority.","DRAFT",0.0,0.0,0.0,10.8,"33.0 x 45.0 x 13.0 cm",true,true,"solarmax","hybrid-solar-inverters","Solarmax 3kW 24V Hybrid Solar Inverter Price in Kenya","Buy Solarmax 3kW 24V Hybrid Solar Inverter in Nairobi, Kenya. Pure sine wave output with built-in MPPT solar controller.","solarmax 3kw inverter price kenya, 3kw hybrid solar inverter nairobi","https://nuruenergy.co.ke/products/solarmax-3kw-24v-hybrid-solar-inverter",0
"Solarpex 5kW 48V Hybrid Inverter","solarpex-5kw-48v-hybrid-inverter","INV-SPX-5K-48V","SPX-5000W-48V","5kW 48V pure sine wave hybrid solar inverter.","Solarpex 5kW 48V hybrid solar inverter with dual MPPT tracking input and smart battery charging logic for seamless power cut backup.","DRAFT",0.0,0.0,0.0,13.5,"35.0 x 48.0 x 14.0 cm",true,true,"solarpex","hybrid-solar-inverters","Solarpex 5kW 48V Hybrid Solar Inverter Price in Kenya","Buy Solarpex 5kW 48V Hybrid Solar Inverter in Nairobi, Kenya. Affordable 5kW solar inverter for home power supply.","solarpex 5kw inverter price kenya, 5kw hybrid inverter nairobi","https://nuruenergy.co.ke/products/solarpex-5kw-48v-hybrid-inverter",0
"Amizar 3kW 24V Pure Sine Wave Hybrid Inverter","amizar-3kw-24v-hybrid-solar-inverter","INV-AMI-3K-24V","AM-3000W-24V","3kW 24V pure sine wave hybrid solar inverter.","Amizar 3kW 24V hybrid solar inverter equipped with built-in MPPT controller and smart LCD interface for monitoring solar harvesting.","DRAFT",0.0,0.0,0.0,11.0,"33.0 x 45.0 x 13.0 cm",true,true,"amizar","hybrid-solar-inverters","Amizar 3kW 24V Hybrid Solar Inverter Price in Kenya","Buy Amizar 3kW 24V Hybrid Solar Inverter in Nairobi, Kenya. Pure sine wave inverter for residential solar systems.","amizar 3kw inverter price kenya, 3kw solar inverter nairobi","https://nuruenergy.co.ke/products/amizar-3kw-24v-hybrid-solar-inverter",0
"Amizar 5kW 48V Pure Sine Wave Hybrid Inverter","amizar-5kw-48v-hybrid-solar-inverter","INV-AMI-5K-48V","AM-5000W-48V","5kW 48V hybrid solar inverter with high efficiency MPPT controller.","Amizar 5kW 48V hybrid inverter engineered for whole-house off-grid solar power with generator auto-start compatibility.","DRAFT",0.0,0.0,0.0,13.8,"35.0 x 50.0 x 14.0 cm",true,true,"amizar","hybrid-solar-inverters","Amizar 5kW 48V Hybrid Solar Inverter Price in Kenya","Buy Amizar 5kW 48V Hybrid Solar Inverter in Nairobi, Kenya. High power hybrid inverter for home and office power backup.","amizar 5kw inverter price kenya, 5kw solar inverter 48v","https://nuruenergy.co.ke/products/amizar-5kw-48v-hybrid-solar-inverter",0
"Premier 3kW 24V Hybrid Solar Inverter","premier-3kw-24v-hybrid-solar-inverter","INV-PRE-3K-24V","PR-3000W-24V","3kW 24V hybrid solar inverter with 80A MPPT controller.","Premier 3kW 24V hybrid solar inverter featuring dual AC outputs, smart battery management, and high overload protection.","DRAFT",0.0,0.0,0.0,11.2,"34.0 x 46.0 x 13.5 cm",true,true,"premier","hybrid-solar-inverters","Premier 3kW 24V Hybrid Solar Inverter Price in Kenya","Buy Premier 3kW 24V Hybrid Solar Inverter in Nairobi, Kenya. Reliable pure sine wave inverter for domestic solar kits.","premier 3kw inverter price kenya, 3kw hybrid inverter nairobi","https://nuruenergy.co.ke/products/premier-3kw-24v-hybrid-solar-inverter",0
"Golden Solar 5kW 48V Hybrid Solar Inverter","golden-solar-5kw-48v-hybrid-inverter","INV-GOL-5K-48V","GOL-5000W-48V","5kW 48V hybrid solar inverter with high PV voltage input.","Golden Solar 5kW 48V hybrid inverter featuring integrated MPPT charge controller, pure sine wave AC output, and lithium BMS comms.","DRAFT",0.0,0.0,0.0,14.5,"36.0 x 50.0 x 15.0 cm",true,true,"golden-solar","hybrid-solar-inverters","Golden Solar 5kW 48V Hybrid Solar Inverter Price in Kenya","Buy Golden Solar 5kW 48V Hybrid Inverter in Nairobi, Kenya. Commercial solar inverter for home and business installations.","golden solar 5kw inverter price, 5kw hybrid solar inverter","https://nuruenergy.co.ke/products/golden-solar-5kw-48v-hybrid-inverter",0
"Solarmax 60A MPPT Solar Charge Controller","solarmax-60a-mppt-solar-controller","CTL-SMX-60M","SMX-MPPT-60A","60A 12V/24V/48V auto-sensing MPPT solar charge controller with LCD display.","Solarmax 60A MPPT solar controller featuring 99% tracking efficiency, multi-stage battery charging, and RS485 communication for solar power monitoring.","DRAFT",0.0,0.0,0.0,3.2,"24.0 x 17.0 x 8.0 cm",false,false,"solarmax","solar-charge-controllers","Solarmax 60A MPPT Solar Charge Controller Price in Kenya","Buy Solarmax 60A MPPT Solar Charge Controller in Nairobi, Kenya. Auto sensing 12V/24V/36V/48V with maximum conversion efficiency.","solarmax 60a mppt price kenya, 60a mppt controller nairobi","https://nuruenergy.co.ke/products/solarmax-60a-mppt-solar-controller",0
"Must 80A MPPT Solar Charge Controller","must-80a-mppt-solar-controller","CTL-MST-80M","PC18-8015F","80A heavy-duty MPPT solar charge controller supporting high PV input voltage.","Must 80A MPPT solar controller with maximum 145V PV input, temperature compensation, and active heatsink cooling for large solar battery arrays.","DRAFT",0.0,0.0,0.0,4.8,"30.0 x 20.0 x 10.0 cm",false,false,"must-solar","solar-charge-controllers","Must 80A MPPT Solar Charge Controller Price in Kenya","Buy Must 80A MPPT Solar Charge Controller in Nairobi, Kenya. Heavy duty solar charge regulator with LCD status screen.","must 80a mppt controller price kenya, 80a solar controller nairobi","https://nuruenergy.co.ke/products/must-80a-mppt-solar-controller",0
"Must 100A MPPT Heavy Duty Solar Controller","must-100a-mppt-solar-controller","CTL-MST-100M","PC18-10015F","100A heavy duty MPPT solar charge controller for large PV arrays.","Must 100A MPPT solar controller engineered for high-power solar arrays supporting up to 5000W PV input at 48V battery voltage.","DRAFT",0.0,0.0,0.0,5.8,"32.0 x 22.0 x 11.0 cm",false,false,"must-solar","solar-charge-controllers","Must 100A MPPT Solar Controller Price in Kenya","Buy Must 100A MPPT Solar Charge Controller in Nairobi, Kenya. Industrial grade MPPT regulator for commercial solar arrays.","must 100a mppt controller price, 100a solar controller kenya","https://nuruenergy.co.ke/products/must-100a-mppt-solar-controller",0
"Sunnypex 60W All-in-One Solar Home Kit","sunnypex-60w-solar-home-kit","KIT-SPX-60W","SPX-KIT-60","60W complete solar home lighting kit with 4 LED bulbs and phone charger.","Sunnypex 60W solar home kit includes 60W solar panel, 12V lithium battery pack, 4 bright LED bulbs, USB multi-head phone charger, and system controller.","DRAFT",0.0,0.0,0.0,8.5,"40.0 x 30.0 x 25.0 cm",false,false,"sunnypex","solar-home-kits","Sunnypex 60W Solar Home Lighting Kit Price in Kenya","Buy Sunnypex 60W All-in-One Solar Home Kit in Nairobi, Kenya. Plug-and-play solar lighting system with 4 LED bulbs and phone charging.","sunnypex 60w solar kit price kenya, solar home lighting system 60w","https://nuruenergy.co.ke/products/sunnypex-60w-solar-home-kit",0
"Sunnypex 80W Solar Home Lighting System","sunnypex-80w-solar-home-kit","KIT-SPX-80W","SPX-KIT-80","80W solar home lighting kit with 4 LED bulbs and phone charger.","Sunnypex 80W solar home system complete with 80W panel, built-in lithium battery, LED bulbs, and multi-pin mobile phone charging cables.","DRAFT",0.0,0.0,0.0,10.0,"42.0 x 32.0 x 26.0 cm",false,false,"sunnypex","solar-home-kits","Sunnypex 80W Solar Home Kit Price in Kenya","Buy Sunnypex 80W Solar Home Lighting System in Nairobi, Kenya. Compact plug-and-play solar power kit for home lighting and phone charging.","sunnypex 80w solar kit price, 80w solar lighting system","https://nuruenergy.co.ke/products/sunnypex-80w-solar-home-kit",0
"Solarmax 100W Complete Solar Lighting & TV Kit","solarmax-100w-solar-home-kit","KIT-SMX-100W","SMX-KIT-100","100W solar home bundle complete with panel, gel battery, controller, and inverter.","Solarmax 100W solar home kit featuring 100W monocrystalline panel, 50Ah deep cycle battery, 300W modified sine wave inverter, 4 LED lights, and phone charger.","DRAFT",0.0,0.0,0.0,18.0,"55.0 x 40.0 x 30.0 cm",false,false,"solarmax","solar-home-kits","Solarmax 100W Solar Home Kit Price in Kenya | Lights & TV","Buy Solarmax 100W Complete Solar Home Kit in Nairobi, Kenya. Powers home lighting, phone charging, DC fan, and small TV.","solarmax 100w solar kit price kenya, 100w solar home lighting kit","https://nuruenergy.co.ke/products/solarmax-100w-solar-home-kit",0
"Solarmax 120W Solar Home Lighting & TV Kit","solarmax-120w-solar-home-kit","KIT-SMX-120W","SMX-KIT-120","120W solar home package complete with battery and power inverter.","Solarmax 120W solar home system complete with 120W mono panel, 60Ah deep cycle battery, 500W inverter, 4 LED lamps, and phone charging hub.","DRAFT",0.0,0.0,0.0,22.0,"58.0 x 42.0 x 32.0 cm",false,false,"solarmax","solar-home-kits","Solarmax 120W Solar Home Kit Price in Kenya","Buy Solarmax 120W Solar Home Kit in Nairobi, Kenya. Complete off-grid solar package for lighting, TV, and phone charging.","solarmax 120w solar kit price, 120w solar system kenya","https://nuruenergy.co.ke/products/solarmax-120w-solar-home-kit",0
"Sunnypex 150W Solar Power System Kit","sunnypex-150w-solar-system-kit","KIT-SPX-150W","SPX-KIT-150","150W solar power kit with 100Ah battery and 500W power inverter.","Sunnypex 150W solar kit includes 150W monocrystalline panel, 100Ah gel battery, 20A MPPT controller, and 500W pure sine wave inverter.","DRAFT",0.0,0.0,0.0,38.0,"60.0 x 45.0 x 35.0 cm",false,false,"sunnypex","solar-home-kits","Sunnypex 150W Solar Power System Kit Price in Kenya","Buy Sunnypex 150W Complete Solar Kit in Nairobi, Kenya. Powers lights, TV, laptop, sound system, and phone chargers.","sunnypex 150w solar kit price, 150w home solar system nairobi","https://nuruenergy.co.ke/products/sunnypex-150w-solar-system-kit",0
"Solarmax 200W Solar Home Appliance Kit","solarmax-200w-solar-home-kit","KIT-SMX-200W","SMX-KIT-200","200W home solar kit with 100Ah gel battery and 1000W inverter.","Solarmax 200W solar home package complete with 200W mono panel, 100Ah deep cycle gel battery, 30A controller, and 1000W inverter.","DRAFT",0.0,0.0,0.0,45.0,"70.0 x 50.0 x 40.0 cm",false,false,"solarmax","solar-home-kits","Solarmax 200W Solar Home Appliance Kit Price in Kenya","Buy Solarmax 200W Complete Solar Home Kit in Nairobi, Kenya. Reliable home off-grid power for lights, TV, computer, and decoders.","solarmax 200w solar kit price kenya, 200w home solar system","https://nuruenergy.co.ke/products/solarmax-200w-solar-home-kit",0
"Solarmax 250W Solar Home Power Package","solarmax-250w-solar-home-kit","KIT-SMX-250W","SMX-KIT-250","250W solar power package with 120Ah gel battery and 1000W inverter.","Solarmax 250W solar home kit with 250W monocrystalline panel, 120Ah deep cycle gel battery, 30A MPPT controller, and 1kW inverter.","DRAFT",0.0,0.0,0.0,52.0,"75.0 x 52.0 x 42.0 cm",false,false,"solarmax","solar-home-kits","Solarmax 250W Solar Home Power Package Price in Kenya","Buy Solarmax 250W Solar Home Package in Nairobi, Kenya. Powers household lighting, fridge, TV, and audio systems.","solarmax 250w solar kit price, 250w home solar system","https://nuruenergy.co.ke/products/solarmax-250w-solar-home-kit",0
"Solarmax 300W Solar Power Bundle","solarmax-300w-solar-power-bundle","KIT-SMX-300W","SMX-KIT-300","300W solar power system with 150Ah deep cycle battery and 1.5kW inverter.","Complete 300W Solarmax solar system featuring 300W monocrystalline panel, 150Ah gel battery, 40A MPPT controller, and 1500W inverter.","DRAFT",0.0,0.0,0.0,62.0,"80.0 x 55.0 x 45.0 cm",true,true,"solarmax","solar-home-kits","Solarmax 300W Solar Power System Kit Price in Kenya","Buy Solarmax 300W Solar Power System Bundle in Nairobi, Kenya. Powers lighting, fridge, TV, laptops, and wifi router.","solarmax 300w solar kit price, 300w home solar power system","https://nuruenergy.co.ke/products/solarmax-300w-solar-power-bundle",0
"Solarmax 350W Solar Appliance Package","solarmax-350w-solar-appliance-package","KIT-SMX-350W","SMX-KIT-350","350W home solar kit with 150Ah gel battery and 1.5kW inverter.","Solarmax 350W solar home system with 350W mono PERC panel, 150Ah deep cycle battery, 40A controller, and 1500W pure sine wave inverter.","DRAFT",0.0,0.0,0.0,68.0,"82.0 x 56.0 x 46.0 cm",true,true,"solarmax","solar-home-kits","Solarmax 350W Solar Appliance Package Price in Kenya","Buy Solarmax 350W Solar Appliance Package in Nairobi, Kenya. Excellent off-grid system for lights, television, fridge, and laptops.","solarmax 350w solar kit price, 350w home solar system","https://nuruenergy.co.ke/products/solarmax-350w-solar-appliance-package",0
"Solarmax 400W Solar Home System Package","solarmax-400w-solar-home-package","KIT-SMX-400W","SMX-KIT-400","400W home solar system with 200Ah battery and 2kW inverter.","Solarmax 400W solar package with 400W PERC solar panel, 200Ah gel battery, 50A MPPT controller, and 2000W pure sine wave inverter.","DRAFT",0.0,0.0,0.0,78.0,"88.0 x 58.0 x 48.0 cm",true,true,"solarmax","solar-home-kits","Solarmax 400W Solar Home System Package Price in Kenya","Buy Solarmax 400W Solar Home System in Nairobi, Kenya. Full home solar system for lighting, TV, fridge, and office computers.","solarmax 400w solar kit price, 400w home solar package","https://nuruenergy.co.ke/products/solarmax-400w-solar-home-package",0
"Solarmax 450W Home Solar Power Package","solarmax-450w-solar-power-package","KIT-SMX-450W","SMX-KIT-450","450W complete solar system with 200Ah battery and 2kW inverter.","Solarmax 450W solar package with 450W PERC panel, 200Ah deep cycle gel battery, 60A MPPT controller, and 2000W pure sine wave inverter.","DRAFT",0.0,0.0,0.0,85.0,"90.0 x 60.0 x 50.0 cm",true,true,"solarmax","solar-home-kits","Solarmax 450W Home Solar Power Package Price in Kenya","Buy Solarmax 450W Home Solar Power Package in Nairobi, Kenya. Full home solar system for lighting, TV, fridge, and office computers.","solarmax 450w solar kit price kenya, 450w home solar package","https://nuruenergy.co.ke/products/solarmax-450w-solar-power-package",0
"Solarmax 500W Complete Solar System Package","solarmax-500w-complete-solar-package","KIT-SMX-500W","SMX-KIT-500","500W complete solar system with 200Ah battery and 2.5kW inverter.","Solarmax 500W solar package featuring 500W half-cut cell panel, 200Ah gel battery, 60A MPPT controller, and 2500W pure sine wave inverter.","DRAFT",0.0,0.0,0.0,92.0,"95.0 x 62.0 x 52.0 cm",true,true,"solarmax","solar-home-kits","Solarmax 500W Complete Solar System Package Price in Kenya","Buy Solarmax 500W Solar System Package in Nairobi, Kenya. High output home solar system for appliances and electronics.","solarmax 500w solar kit price, 500w solar power kit","https://nuruenergy.co.ke/products/solarmax-500w-complete-solar-package",0
"Maxcell 545W Complete Solar Kit","maxcell-545w-complete-solar-kit","KIT-MAX-545W","MX-KIT-545","545W solar power bundle with 200Ah gel battery and 3kW hybrid inverter.","Maxcell 545W solar power kit featuring 545W monocrystalline panel, 200Ah deep cycle gel battery, and 3kW 24V hybrid inverter.","DRAFT",0.0,0.0,0.0,98.0,"100.0 x 65.0 x 55.0 cm",true,true,"maxcell","solar-home-kits","Maxcell 545W Complete Solar Kit Price in Kenya","Buy Maxcell 545W Complete Solar Kit in Nairobi, Kenya. High output solar kit with 3kW hybrid inverter for homes and shops.","maxcell 545w solar kit price kenya, 545w solar power bundle","https://nuruenergy.co.ke/products/maxcell-545w-complete-solar-kit",0
"Solarmax 615W High Efficiency Solar Bundle","solarmax-615w-solar-power-bundle","KIT-SMX-615W","SMX-KIT-615","615W solar system bundle with 200Ah gel battery and 3kW hybrid inverter.","High-capacity 615W solar bundle equipped with 615W Tier-1 monocrystalline panel, 200Ah gel battery, and 3kW smart hybrid inverter.","DRAFT",0.0,0.0,0.0,105.0,"110.0 x 70.0 x 60.0 cm",true,true,"solarmax","solar-home-kits","Solarmax 615W Solar Power Bundle Price in Kenya","Buy Solarmax 615W High Efficiency Solar Bundle in Nairobi, Kenya. Complete solar power package for residential homes.","solarmax 615w solar kit price kenya, 615w solar power bundle","https://nuruenergy.co.ke/products/solarmax-615w-solar-power-bundle",0
"Maxcell 645W Commercial Solar Power Kit","maxcell-645w-commercial-solar-kit","KIT-MAX-645W","MX-KIT-645","645W heavy-duty solar system bundle with 200Ah battery and 3.5kW inverter.","Maxcell 645W commercial solar kit featuring 645W monocrystalline panel, 200Ah deep cycle battery, and 3.5kW pure sine wave hybrid inverter.","DRAFT",0.0,0.0,0.0,112.0,"115.0 x 70.0 x 60.0 cm",true,true,"maxcell","solar-home-kits","Maxcell 645W Commercial Solar Power Kit Price in Kenya","Buy Maxcell 645W Commercial Solar Power Kit in Nairobi, Kenya. Ideal power solution for shops, executive offices, and homes.","maxcell 645w solar kit price, 645w solar system nairobi","https://nuruenergy.co.ke/products/maxcell-645w-commercial-solar-kit",0
"1kVA Lithium Solar System Kit","1kva-lithium-solar-system-kit","SYS-LTH-1KVA","LTH-SYS-1K","1kVA solar power system featuring 1.28kWh lithium battery and 350W panel.","Complete 1kVA Lithium Solar System Kit including 1kVA pure sine wave inverter, 12.8V 100Ah (1.28kWh) LiFePO4 lithium battery, and 350W monocrystalline panel.","DRAFT",0.0,0.0,0.0,42.0,"60.0 x 50.0 x 40.0 cm",true,true,"must-solar","lithium-solar-systems","1kVA Lithium Solar System Kit Price in Kenya | 1.28kWh Battery","Buy 1kVA Lithium Solar System Kit in Nairobi, Kenya. Includes 1.28kWh LiFePO4 lithium battery, 350W panel, and 1kVA inverter.","1kva lithium solar system price kenya, 1kva solar kit nairobi","https://nuruenergy.co.ke/products/1kva-lithium-solar-system-kit",0
"1.5kVA Lithium Solar Power System Kit","1-5kva-lithium-solar-system-kit","SYS-LTH-1.5KVA","LTH-SYS-1.5K","1.5kVA solar system with 1.5kWh lithium battery and 450W solar panel.","1.5kVA complete lithium solar package featuring 1.5kW 12V hybrid inverter, 12.8V 120Ah lithium battery, and 450W monocrystalline solar panel.","DRAFT",0.0,0.0,0.0,52.0,"65.0 x 52.0 x 42.0 cm",true,true,"must-solar","lithium-solar-systems","1.5kVA Lithium Solar System Kit Price in Kenya","Buy 1.5kVA Lithium Solar System Kit in Nairobi, Kenya. Includes 1.5kWh LiFePO4 battery, 450W panel, and 1.5kVA inverter.","1.5kva lithium solar system price kenya, 1.5kva solar kit","https://nuruenergy.co.ke/products/1-5kva-lithium-solar-system-kit",0
"2kVA Lithium Solar Power System Kit","2kva-lithium-solar-system-kit","SYS-LTH-2KVA","LTH-SYS-2K","2kVA (2000W) lithium solar system with 2.56kWh lithium battery and 2x 350W panels.","2kVA complete lithium solar package featuring 2kVA 24V hybrid inverter, 25.6V 100Ah (2.56kWh) lithium battery bank, and 700W solar panel array.","DRAFT",0.0,0.0,0.0,68.0,"75.0 x 55.0 x 45.0 cm",true,true,"must-solar","lithium-solar-systems","2kVA Lithium Solar System Kit Price in Kenya | 2.56kWh Lithium","Buy 2kVA Lithium Solar System Kit in Nairobi, Kenya. Complete solar bundle with 2.56kWh LiFePO4 storage and 2kVA hybrid inverter.","2kva lithium solar system price kenya, 2kva solar power kit","https://nuruenergy.co.ke/products/2kva-lithium-solar-system-kit",0
"3kVA Lithium Solar Power System Kit","3kva-lithium-solar-system-kit","SYS-LTH-3KVA","LTH-SYS-3K","3kVA (3000W) lithium solar system with 5.12kWh lithium battery and 3x 450W panels.","3kVA high-performance lithium solar system including 3kW 24V/48V hybrid inverter, 5.12kWh LiFePO4 wall-mounted battery, and 1.35kW solar panel array.","DRAFT",0.0,0.0,0.0,105.0,"90.0 x 65.0 x 55.0 cm",true,true,"felicity-solar","lithium-solar-systems","3kVA Lithium Solar System Kit Price in Kenya | 5.12kWh Storage","Buy 3kVA Lithium Solar Power System Kit in Nairobi, Kenya. Premium 5.12kWh LiFePO4 battery storage with 3kW hybrid inverter.","3kva lithium solar system price kenya, 3kva solar power kit nairobi","https://nuruenergy.co.ke/products/3kva-lithium-solar-system-kit",0
"5kVA Lithium Solar System Bundle","5kva-lithium-solar-system-bundle","SYS-LTH-5KVA","LTH-SYS-5K","5kVA (5000W) whole-house lithium solar system with 5.12kWh lithium battery and 6x 450W panels.","Complete 5kVA Lithium Solar System featuring 5kW 48V Sunsynk/Must hybrid inverter, 5.12kWh LiFePO4 battery, and 2.7kW Tier-1 solar panel array.","DRAFT",0.0,0.0,0.0,185.0,"120.0 x 80.0 x 70.0 cm",true,true,"sunsynk","lithium-solar-systems","5kVA Lithium Solar System Bundle Price in Kenya | 5kW Inverter","Buy 5kVA Lithium Solar System Bundle in Nairobi, Kenya. Whole-house solar power independence with 5kW hybrid inverter and lithium battery.","5kva lithium solar system price kenya, 5kw solar power kit nairobi","https://nuruenergy.co.ke/products/5kva-lithium-solar-system-bundle",0
"6kVA Lithium Solar Power Package","6kva-lithium-solar-system-package","SYS-LTH-6KVA","LTH-SYS-6K","6kVA (6000W) commercial lithium solar system with 10kWh lithium battery.","6kVA complete lithium solar package featuring 6kW 48V hybrid inverter, 10kWh LiFePO4 wall mounted battery, and 3.8kW solar panel field.","DRAFT",0.0,0.0,0.0,240.0,"135.0 x 90.0 x 75.0 cm",true,true,"sunsynk","lithium-solar-systems","6kVA Lithium Solar System Package Price in Kenya","Buy 6kVA Lithium Solar System Package in Nairobi, Kenya. High output power system for large homes and executive offices.","6kva lithium solar system price kenya, 6kw solar power kit","https://nuruenergy.co.ke/products/6kva-lithium-solar-system-package",0
"8kVA Commercial Lithium Solar System","8kva-commercial-lithium-solar-system","SYS-LTH-8KVA","LTH-SYS-8K","8kVA (8000W) commercial lithium solar system with 10kWh battery and 10x 545W panels.","Industrial 8kVA Lithium Solar System featuring 8kW 48V Sunsynk hybrid inverter, 10kWh LiFePO4 lithium battery, and 5.45kW solar panel array.","DRAFT",0.0,0.0,0.0,310.0,"150.0 x 100.0 x 80.0 cm",true,true,"sunsynk","lithium-solar-systems","8kVA Commercial Lithium Solar System Price in Kenya","Buy 8kVA Commercial Lithium Solar System in Nairobi, Kenya. High-output solar power for luxury homes, farms, and offices.","8kva lithium solar system price kenya, 8kw commercial solar kit","https://nuruenergy.co.ke/products/8kva-commercial-lithium-solar-system",0
"10kVA Heavy Duty Lithium Solar System","10kva-heavy-duty-lithium-solar-system","SYS-LTH-10KVA","LTH-SYS-10K","10kVA (10,000W) heavy-duty commercial lithium solar system with 15kWh storage.","10kVA commercial lithium power system featuring 10kW 48V hybrid inverter, 15kWh LiFePO4 lithium battery bank, and 6.5kW solar panel field.","DRAFT",0.0,0.0,0.0,450.0,"180.0 x 120.0 x 90.0 cm",true,true,"sunsynk","lithium-solar-systems","10kVA Commercial Lithium Solar System Price in Kenya","Buy 10kVA Heavy Duty Commercial Lithium Solar System in Nairobi, Kenya. Full energy independence with 15kWh lithium storage.","10kva lithium solar system price kenya, 10kw solar power system","https://nuruenergy.co.ke/products/10kva-heavy-duty-lithium-solar-system",0
"1kVA Emergency Power Backup Kit","1kva-emergency-backup-kit","KIT-BCK-1KVA","BCK-KIT-1K","1kVA UPS power backup kit with 1.28kWh lithium battery and inverter.","Instant 1kVA emergency power backup kit designed to power home lighting, Wi-Fi router, laptop, TV, and decoder during KPLC blackout.","DRAFT",0.0,0.0,0.0,22.0,"45.0 x 35.0 x 30.0 cm",true,false,"must-solar","backup-power-kits","1kVA Emergency Power Backup Kit Price in Kenya | Lithium UPS","Buy 1kVA Emergency Power Backup Kit in Nairobi, Kenya. Silent battery backup system for seamless home power during blackouts.","1kva power backup kit price kenya, home ups backup 1kva","https://nuruenergy.co.ke/products/1kva-emergency-backup-kit",0
"1.5kVA Home & Office Power Backup Kit","1-5kva-home-backup-kit","KIT-BCK-1.5KVA","BCK-KIT-1.5K","1.5kVA emergency power backup system with 1.5kWh lithium battery.","1.5kVA pure sine wave inverter backup kit paired with 1.5kWh LiFePO4 battery for automatic blackout protection for homes and offices.","DRAFT",0.0,0.0,0.0,30.0,"48.0 x 38.0 x 32.0 cm",true,false,"must-solar","backup-power-kits","1.5kVA Home Power Backup Kit Price in Kenya","Buy 1.5kVA Home Power Backup Kit in Nairobi, Kenya. Automatic blackout protection for TV, decoder, laptop, and lights.","1.5kva backup kit price kenya, 1.5kva power backup system","https://nuruenergy.co.ke/products/1-5kva-home-backup-kit",0
"2kVA Home UPS Power Backup Kit","2kva-home-ups-backup-kit","KIT-BCK-2KVA","BCK-KIT-2K","2kVA emergency battery power backup system with 2.56kWh lithium battery.","2kVA pure sine wave inverter backup kit paired with 2.56kWh LiFePO4 battery for automatic blackout protection for homes and small shops.","DRAFT",0.0,0.0,0.0,38.0,"55.0 x 40.0 x 35.0 cm",true,false,"must-solar","backup-power-kits","2kVA Home UPS Power Backup Kit Price in Kenya","Buy 2kVA Home UPS Power Backup Kit in Nairobi, Kenya. Pure sine wave inverter backup for lights, fridge, TV, and office computers.","2kva backup kit price kenya, 2kva inverter battery backup","https://nuruenergy.co.ke/products/2kva-home-ups-backup-kit",0
"3kVA Office Backup Power Kit","3kva-office-backup-power-kit","KIT-BCK-3KVA","BCK-KIT-3K","3kVA power backup system with 5.12kWh lithium battery for offices.","3kVA office power backup package featuring 3kW hybrid inverter and 5.12kWh wall-mounted lithium battery for uninterrupted business operations.","DRAFT",0.0,0.0,0.0,62.0,"65.0 x 50.0 x 40.0 cm",true,false,"felicity-solar","backup-power-kits","3kVA Office Power Backup Kit Price in Kenya | 5.12kWh Lithium","Buy 3kVA Office Power Backup Kit in Nairobi, Kenya. Instant automatic power supply for desktop computers, printers, and lighting.","3kva office backup kit price kenya, 3kva power backup nairobi","https://nuruenergy.co.ke/products/3kva-office-backup-power-kit",0
"5kVA Whole-House Emergency Backup Kit","5kva-whole-house-backup-kit","KIT-BCK-5KVA","BCK-KIT-5K","5kVA whole-house power backup system with 10kWh lithium storage battery.","5kVA emergency power backup kit featuring 5kW hybrid inverter charger and 10kWh LiFePO4 battery bank for complete blackout protection.","DRAFT",0.0,0.0,0.0,115.0,"80.0 x 60.0 x 50.0 cm",true,true,"sunsynk","backup-power-kits","5kVA Whole-House Emergency Backup Kit Price in Kenya","Buy 5kVA Whole-House Emergency Power Backup Kit in Nairobi, Kenya. Powers all home lighting, fridges, water pumps, and entertainment systems.","5kva backup kit price kenya, 5kw power backup system nairobi","https://nuruenergy.co.ke/products/5kva-whole-house-backup-kit",0
"6kVA Commercial Power Backup System","6kva-commercial-power-backup-system","KIT-BCK-6KVA","BCK-KIT-6K","6kVA commercial power backup system with 10kWh lithium storage.","6kVA UPS power backup system with 6kW hybrid inverter charger and 10kWh LiFePO4 lithium battery for seamless power transition during blackouts.","DRAFT",0.0,0.0,0.0,150.0,"95.0 x 70.0 x 55.0 cm",true,true,"sunsynk","backup-power-kits","6kVA Commercial Power Backup System Price in Kenya","Buy 6kVA Commercial Power Backup System in Nairobi, Kenya. Heavy duty UPS backup for offices, health clinics, and shops.","6kva backup kit price kenya, 6kw power backup system","https://nuruenergy.co.ke/products/6kva-commercial-power-backup-system",0
"10kVA Commercial Backup Power Package","10kva-commercial-backup-power-package","KIT-BCK-10KVA","BCK-KIT-10K","10kVA heavy-duty power backup system with 15kWh lithium storage.","10kVA commercial UPS power backup system with 10kW heavy duty inverter charger and 15kWh lithium battery storage for commercial facilities.","DRAFT",0.0,0.0,0.0,240.0,"120.0 x 85.0 x 70.0 cm",true,true,"sunsynk","backup-power-kits","10kVA Commercial Backup Power Package Price in Kenya","Buy 10kVA Commercial Backup Power Package in Nairobi, Kenya. Heavy duty blackout protection for commercial buildings and server rooms.","10kva backup kit price kenya, 10kw commercial power backup","https://nuruenergy.co.ke/products/10kva-commercial-backup-power-package",0
"Honda WB20 2-Inch Petrol Engine Water Pump","honda-wb20-2-inch-petrol-water-pump","PMP-HON-WB20","WB20XT","Original Japanese Honda 2-inch 4-stroke petrol engine water pump.","The original Honda WB20XT 2-inch petrol water pump features GX160 4-stroke engine, 620 L/min maximum discharge capacity, and durable cast iron volute casing.","DRAFT",0.0,0.0,0.0,21.0,"48.5 x 38.5 x 40.5 cm",false,false,"honda","petrol-water-pumps","Honda WB20 2-Inch Petrol Water Pump Price in Kenya | Original","Buy original Honda WB20 2-inch petrol water pump in Nairobi, Kenya. High fuel efficiency and reliability for farm irrigation.","honda wb20 price kenya, original honda 2 inch water pump nairobi","https://nuruenergy.co.ke/products/honda-wb20-2-inch-petrol-water-pump",0
"Honda WB30 3-Inch Petrol Engine Water Pump","honda-wb30-3-inch-petrol-water-pump","PMP-HON-WB30","WB30XT","Original Japanese Honda 3-inch high-flow petrol engine water pump.","Original Honda WB30XT 3-inch petrol water pump powered by Honda GX160 engine delivering up to 1,100 L/min flow rate for large-scale farm irrigation.","DRAFT",0.0,0.0,0.0,26.0,"51.0 x 38.5 x 45.5 cm",false,false,"honda","petrol-water-pumps","Honda WB30 3-Inch Petrol Water Pump Price in Kenya | Original","Buy original Honda WB30 3-inch petrol engine water pump in Nairobi, Kenya. High flow 1,100 L/min for dam pumping and crop irrigation.","honda wb30 price kenya, original honda 3 inch water pump nairobi","https://nuruenergy.co.ke/products/honda-wb30-3-inch-petrol-water-pump",0
"Kmax 2-Inch High Flow Petrol Water Pump","kmax-2-inch-petrol-water-pump","PMP-KMX-2P","KM-WP20","High-value 2-inch petrol engine water pump for farm water transfer.","Kmax 2-inch petrol water pump powered by 6.5HP 4-stroke engine with 30m head lift and 36,000 L/hr discharge capacity.","DRAFT",0.0,0.0,0.0,21.5,"48.0 x 38.0 x 40.0 cm",false,false,"kmax","petrol-water-pumps","Kmax 2-Inch Petrol Water Pump Price in Kenya","Buy Kmax 2-Inch Petrol Engine Water Pump in Nairobi, Kenya. Powerful 6.5HP petrol pump for farm irrigation and water transfer.","kmax 2 inch water pump price kenya, petrol water pump 2 inch nairobi","https://nuruenergy.co.ke/products/kmax-2-inch-petrol-water-pump",0
"Kmax 3-Inch High Flow Petrol Water Pump","kmax-3-inch-petrol-water-pump","PMP-KMX-3P","KM-WP30","3-inch high-capacity petrol engine water pump for crop irrigation.","Kmax 3-inch petrol engine water pump equipped with 7.0HP engine producing 60,000 L/hr flow rate for dam and river water extraction.","DRAFT",0.0,0.0,0.0,26.5,"51.0 x 39.0 x 45.0 cm",false,false,"kmax","petrol-water-pumps","Kmax 3-Inch Petrol Water Pump Price in Kenya | 7.0HP Engine","Buy Kmax 3-Inch Petrol Water Pump in Nairobi, Kenya. High discharge 60,000 L/hr rate for agricultural drip and furrow irrigation.","kmax 3 inch water pump price kenya, petrol water pump 3 inch","https://nuruenergy.co.ke/products/kmax-3-inch-petrol-water-pump",0
"Koshin SEV-50X 2-Inch Petrol Water Pump","koshin-sev50x-2-inch-petrol-water-pump","PMP-KSH-50X","SEV-50X","Original Japanese Koshin 2-inch petrol water pump with Koshin K180 engine.","Koshin SEV-50X 2-inch petrol engine water pump delivering 620 L/min capacity with legendary Japanese durability and cast aluminum casing.","DRAFT",0.0,0.0,0.0,24.0,"49.0 x 39.0 x 41.0 cm",false,false,"koshin","petrol-water-pumps","Koshin SEV-50X 2-Inch Petrol Water Pump Price in Kenya","Buy original Koshin SEV-50X 2-inch petrol water pump in Nairobi, Kenya. Japanese engineering for reliable farm water transfer.","koshin 2 inch water pump price kenya, koshin sev 50x nairobi","https://nuruenergy.co.ke/products/koshin-sev50x-2-inch-petrol-water-pump",0
"Koshin SEV-80X 3-Inch Petrol Water Pump","koshin-sev80x-3-inch-petrol-water-pump","PMP-KSH-80X","SEV-80X","Original Japanese Koshin 3-inch high-flow petrol water pump.","Koshin SEV-80X 3-inch petrol engine water pump delivering up to 1,050 L/min maximum output for agricultural water supply.","DRAFT",0.0,0.0,0.0,28.0,"52.0 x 40.0 x 46.0 cm",false,false,"koshin","petrol-water-pumps","Koshin SEV-80X 3-Inch Petrol Water Pump Price in Kenya","Buy original Koshin SEV-80X 3-inch petrol water pump in Nairobi, Kenya. High flow Japanese pump for farm irrigation.","koshin 3 inch water pump price kenya, koshin sev 80x nairobi","https://nuruenergy.co.ke/products/koshin-sev80x-3-inch-petrol-water-pump",0
"Aerobs 3-Inch Petrol Engine Water Pump","aerobs-3-inch-petrol-water-pump","PMP-AER-3P","BS30C","3-inch petrol water pump with 7.5HP engine for heavy irrigation.","Aerobs 3-inch petrol water pump built with reinforced aluminum body and 7.5HP 4-stroke engine for high-head agricultural water pumping.","DRAFT",0.0,0.0,0.0,26.0,"51.0 x 39.0 x 45.0 cm",false,false,"aerobs","petrol-water-pumps","Aerobs 3-Inch Petrol Water Pump Price in Kenya","Buy Aerobs 3-Inch Petrol Engine Water Pump in Nairobi, Kenya. High performance 7.5HP water pump for farming and site drainage.","aerobs 3 inch water pump price kenya, petrol pump aerobs","https://nuruenergy.co.ke/products/aerobs-3-inch-petrol-water-pump",0
"Premier 2-Inch Petrol Water Pump","premier-2-inch-petrol-water-pump","PMP-PRE-2P","PR-WP20","2-inch petrol engine water pump for farm and household water pumping.","Premier 2-inch petrol engine water pump delivering 30,000 L/hr capacity with 6.5HP 4-stroke petrol engine and easy recoil pull starter.","DRAFT",0.0,0.0,0.0,21.0,"48.0 x 38.0 x 40.0 cm",false,false,"premier","petrol-water-pumps","Premier 2-Inch Petrol Water Pump Price in Kenya","Buy Premier 2-Inch Petrol Engine Water Pump in Nairobi, Kenya. Affordable water pump for irrigation and water transfer.","premier 2 inch water pump price, petrol water pump premier","https://nuruenergy.co.ke/products/premier-2-inch-petrol-water-pump",0
"Daichi Japan 3-Inch Petrol Engine Water Pump","daichi-japan-3-inch-petrol-water-pump","PMP-DAI-3P","DJ-WP30","3-inch Japanese-technology petrol engine water pump.","Daichi Japan 3-inch petrol water pump featuring 7.0HP OHV engine, 60,000 L/hr flow rate, and durable mechanical seal for long service life.","DRAFT",0.0,0.0,0.0,27.0,"52.0 x 40.0 x 46.0 cm",false,false,"daichi-japan","petrol-water-pumps","Daichi Japan 3-Inch Petrol Water Pump Price in Kenya","Buy Daichi Japan 3-Inch Petrol Water Pump in Nairobi, Kenya. High durability petrol engine pump for farm water supply.","daichi japan water pump price kenya, 3 inch petrol pump","https://nuruenergy.co.ke/products/daichi-japan-3-inch-petrol-water-pump",0
"Astramillano 3-Inch High Flow Petrol Water Pump","astramillano-3-inch-petrol-water-pump","PMP-AST-3P","AM-WP30","3-inch high flow petrol water pump with 7.0HP engine.","Astramillano 3-inch petrol engine water pump engineered for high-volume agricultural drainage and irrigation water transfer.","DRAFT",0.0,0.0,0.0,26.0,"51.0 x 39.0 x 45.0 cm",false,false,"astramillano","petrol-water-pumps","Astramillano 3-Inch Petrol Water Pump Price in Kenya","Buy Astramillano 3-Inch Petrol Water Pump in Nairobi, Kenya. Reliable farm water pump with 7.0HP petrol engine.","astramillano water pump price, 3 inch petrol pump kenya","https://nuruenergy.co.ke/products/astramillano-3-inch-petrol-water-pump",0
"Power USA 3-Inch High Pressure Petrol Water Pump","power-usa-3-inch-petrol-water-pump","PMP-PUS-3P","PU-WP30HP","3-inch high pressure petrol water pump with 7.5HP OHV engine.","Power USA 3-inch petrol water pump delivering up to 55m high-head lift, ideal for long distance pipe spraying and hillside farm irrigation.","DRAFT",0.0,0.0,0.0,28.0,"53.0 x 41.0 x 47.0 cm",false,false,"power-usa","petrol-water-pumps","Power USA 3-Inch High Pressure Petrol Water Pump Price in Kenya","Buy Power USA 3-Inch High Pressure Petrol Water Pump in Nairobi, Kenya. 55m head lift for sprinkler and hillside irrigation.","power usa 3 inch water pump price, high pressure petrol pump","https://nuruenergy.co.ke/products/power-usa-3-inch-petrol-water-pump",0
"Milano 2-Inch Petrol Engine Water Pump","milano-2-inch-petrol-water-pump","PMP-MIL-2P","ML-WP20","2-inch petrol water pump for farm water transfer and drainage.","Milano 2-inch petrol engine water pump with 6.5HP 4-stroke engine delivering 30,000 L/hr discharge output.","DRAFT",0.0,0.0,0.0,21.0,"48.0 x 38.0 x 40.0 cm",false,false,"milano","petrol-water-pumps","Milano 2-Inch Petrol Water Pump Price in Kenya","Buy Milano 2-Inch Petrol Water Pump in Nairobi, Kenya. Compact fuel-efficient water pump for smallholder farming.","milano 2 inch water pump price kenya, petrol pump milano","https://nuruenergy.co.ke/products/milano-2-inch-petrol-water-pump",0
"Skygo 2-Inch Petrol Engine Water Pump","skygo-2-inch-petrol-water-pump","PMP-SKY-2P","SG-WP20","2-inch petrol engine water pump with recoil pull starter.","Skygo 2-inch petrol water pump featuring 6.5HP OHV engine, aluminum pump body, and 30m total head lift.","DRAFT",0.0,0.0,0.0,20.5,"48.0 x 38.0 x 40.0 cm",false,false,"skygo","petrol-water-pumps","Skygo 2-Inch Petrol Water Pump Price in Kenya","Buy Skygo 2-Inch Petrol Water Pump in Nairobi, Kenya. Affordable petrol engine water pump for farm irrigation.","skygo 2 inch water pump price kenya, petrol water pump skygo","https://nuruenergy.co.ke/products/skygo-2-inch-petrol-water-pump",0
"Kmax 3-Inch Heavy Duty Diesel Water Pump","kmax-3-inch-diesel-water-pump","PMP-KMX-3D","KM-DP30","3-inch heavy-duty diesel engine water pump for continuous pumping.","Kmax 3-inch diesel engine water pump powered by 6.0HP direct-injection air-cooled diesel engine for continuous low-fuel-cost farm irrigation.","DRAFT",0.0,0.0,0.0,48.0,"56.0 x 46.0 x 55.0 cm",false,false,"kmax","diesel-water-pumps","Kmax 3-Inch Diesel Water Pump Price in Kenya | 6.0HP Engine","Buy Kmax 3-Inch Diesel Engine Water Pump in Nairobi, Kenya. High torque, low fuel consumption diesel pump for continuous irrigation.","kmax diesel water pump price kenya, 3 inch diesel water pump nairobi","https://nuruenergy.co.ke/products/kmax-3-inch-diesel-water-pump",0
"Kato Germany 3-Inch High Pressure Diesel Water Pump","kato-germany-3-inch-diesel-water-pump","PMP-KAT-3D","KT-DP30HP","3-inch high-pressure diesel water pump with electric key start.","Kato Germany 3-inch diesel engine water pump featuring 7.0HP direct injection engine, electric start key ignition, battery charging coil, and 50m head lift.","DRAFT",0.0,0.0,0.0,55.0,"58.0 x 48.0 x 58.0 cm",false,false,"kato-germany","diesel-water-pumps","Kato Germany 3-Inch Diesel Water Pump Price in Kenya | Electric Start","Buy Kato Germany 3-Inch Diesel Water Pump in Nairobi, Kenya. Electric key start with high pressure head lift for long-distance piping.","kato germany diesel water pump price, 3 inch diesel water pump kenya","https://nuruenergy.co.ke/products/kato-germany-3-inch-diesel-water-pump",0
"Hisaki 2-Inch Diesel Water Pump","hisaki-2-inch-diesel-water-pump","PMP-HIS-2D","HS-DP20","2-inch diesel engine water pump for durable agricultural water transfer.","Hisaki 2-inch diesel engine water pump powered by direct injection air-cooled diesel engine with low noise and high fuel economy.","DRAFT",0.0,0.0,0.0,42.0,"52.0 x 44.0 x 52.0 cm",false,false,"hisaki","diesel-water-pumps","Hisaki 2-Inch Diesel Water Pump Price in Kenya","Buy Hisaki 2-Inch Diesel Engine Water Pump in Nairobi, Kenya. Long running time and heavy duty irrigation performance.","hisaki diesel water pump price kenya, 2 inch diesel pump","https://nuruenergy.co.ke/products/hisaki-2-inch-diesel-water-pump",0
"Aico 3-Inch Diesel Engine Water Pump","aico-3-inch-diesel-water-pump","PMP-AIC-3D","AC-DP30","3-inch diesel engine water pump for high volume water pumping.","Aico 3-inch diesel engine water pump engineered for continuous pumping from rivers, boreholes, and dams with heavy-duty cast iron housing.","DRAFT",0.0,0.0,0.0,47.0,"55.0 x 46.0 x 55.0 cm",false,false,"aico","diesel-water-pumps","Aico 3-Inch Diesel Water Pump Price in Kenya","Buy Aico 3-Inch Diesel Engine Water Pump in Nairobi, Kenya. High flow rate diesel pump for farm irrigation.","aico 3 inch diesel water pump price, diesel pump aico","https://nuruenergy.co.ke/products/aico-3-inch-diesel-water-pump",0
"Benford 3-Inch Heavy Duty Diesel Water Pump","benford-3-inch-diesel-water-pump","PMP-BNF-3D","BF-DP30","3-inch direct injection diesel engine water pump.","Benford 3-inch diesel water pump engineered for heavy agricultural pumping and construction site dewatering with low fuel consumption.","DRAFT",0.0,0.0,0.0,50.0,"56.0 x 46.0 x 56.0 cm",false,false,"benford","diesel-water-pumps","Benford 3-Inch Diesel Water Pump Price in Kenya","Buy Benford 3-Inch Diesel Water Pump in Nairobi, Kenya. Heavy duty direct injection diesel pump for continuous irrigation.","benford diesel water pump price kenya, 3 inch diesel water pump","https://nuruenergy.co.ke/products/benford-3-inch-diesel-water-pump",0
"Helios 3-Inch Submersible Solar Borehole Water Pump","helios-3-inch-submersible-solar-borehole-pump","PMP-HEL-3S","HL-3SP3-50","3-inch stainless steel submersible solar borehole pump with MPPT controller.","Helios 3-inch solar submersible water pump featuring 50m max head, brushless DC motor, and automatic MPPT solar controller box.","DRAFT",0.0,0.0,0.0,14.5,"12.0 x 12.0 x 95.0 cm",true,true,"helios","submersible-borehole-pumps","Helios 3-Inch Submersible Solar Borehole Pump Price in Kenya","Buy Helios 3-Inch Solar Submersible Borehole Pump in Nairobi, Kenya. Complete with DC controller box for zero grid electricity pumping.","helios solar water pump price kenya, solar borehole pump nairobi","https://nuruenergy.co.ke/products/helios-3-inch-submersible-solar-borehole-pump",0
"Dera 43cc 2-Stroke Petrol Brush Cutter","dera-43cc-petrol-brush-cutter","AGR-DER-43C","DR-BC430","43cc 2-stroke petrol brush cutter with 3-tooth metal blade and nylon head.","Dera 43cc commercial petrol brush cutter complete with ergonomic shoulder harness, 3-tooth steel clearing blade, bump-feed nylon line trimmer head, and fuel mixing bottle.","DRAFT",0.0,0.0,0.0,7.8,"185.0 x 28.0 x 28.0 cm",false,false,"dera","brush-cutters","Dera 43cc Petrol Brush Cutter Price in Kenya | Grass Trimmer","Buy Dera 43cc Petrol Brush Cutter in Nairobi, Kenya. Powerful grass cutter and weed trimmer for farm clearing and lawn maintenance.","dera brush cutter price kenya, 43cc petrol brush cutter nairobi","https://nuruenergy.co.ke/products/dera-43cc-petrol-brush-cutter",0
"Premier 52cc Heavy Duty Brush Cutter","premier-52cc-heavy-duty-brush-cutter","AGR-PRE-52C","PR-BC520","52cc high-power petrol engine brush cutter with clearing blades.","Premier 52cc heavy-duty petrol brush cutter designed for thick brush, heavy grass, and small saplings with high torque 2-stroke engine.","DRAFT",0.0,0.0,0.0,8.5,"185.0 x 28.0 x 28.0 cm",false,false,"premier","brush-cutters","Premier 52cc Heavy Duty Brush Cutter Price in Kenya","Buy Premier 52cc Heavy Duty Petrol Brush Cutter in Nairobi, Kenya. High power grass trimmer for farm weed clearing.","premier 52cc brush cutter price kenya, petrol grass cutter","https://nuruenergy.co.ke/products/premier-52cc-heavy-duty-brush-cutter",0
"Windsor 52cc Petrol Grass Trimmer & Brush Cutter","windsor-52cc-petrol-brush-cutter","AGR-WIN-52C","WIN-BC520","52cc commercial petrol brush cutter with dual cutting attachments.","Windsor 52cc petrol brush cutter engineered with anti-vibration rubber mounts, heavy-duty gear drive shaft, and double harness strap.","DRAFT",0.0,0.0,0.0,8.8,"185.0 x 28.0 x 28.0 cm",false,false,"windsor","brush-cutters","Windsor 52cc Petrol Brush Cutter Price in Kenya","Buy Windsor 52cc Petrol Brush Cutter in Nairobi, Kenya. Professional grass trimmer and thicket brush cutter.","windsor brush cutter price kenya, 52cc grass cutter nairobi","https://nuruenergy.co.ke/products/windsor-52cc-petrol-brush-cutter",0
"Hawkings 43cc Commercial Brush Cutter","hawkings-43cc-brush-cutter","AGR-HWK-43C","HWK-BC430","43cc commercial petrol brush cutter with anti-vibration handle.","Hawkings 43cc petrol brush cutter featuring high-efficiency carburation, easy pull start system, and durable alloy drive shaft.","DRAFT",0.0,0.0,0.0,8.0,"185.0 x 28.0 x 28.0 cm",false,false,"hawkings","brush-cutters","Hawkings 43cc Petrol Brush Cutter Price in Kenya","Buy Hawkings 43cc Commercial Brush Cutter in Nairobi, Kenya. Reliable petrol grass trimmer for agricultural weed management.","hawkings brush cutter price kenya, petrol grass trimmer","https://nuruenergy.co.ke/products/hawkings-43cc-brush-cutter",0
"Dongfeng 15HP Diesel Walking Tractor with Tiller","dongfeng-15hp-diesel-walking-tractor","AGR-DFM-15H","DF-15L","15HP diesel engine walking tractor complete with rotary tiller attachment.","Dongfeng 15HP hand-held walking tractor equipped with electric/recoil start diesel engine, 18-blade rotary tiller attachment, and double plow for farm tillage.","DRAFT",0.0,0.0,0.0,480.0,"220.0 x 98.0 x 115.0 cm",true,true,"dongfeng-machinery","walking-tractors-tillers","Dongfeng 15HP Diesel Walking Tractor Price in Kenya","Buy Dongfeng 15HP Diesel Walking Tractor with Rotary Tiller in Nairobi, Kenya. Heavy duty tilling and plowing machinery for Kenyan farmers.","dongfeng walking tractor price kenya, 15hp diesel tiller nairobi","https://nuruenergy.co.ke/products/dongfeng-15hp-diesel-walking-tractor",0
"Premier Hand Push Automatic Single Row Seed Planter","premier-hand-push-single-row-seed-planter","AGR-PRE-SP1","PR-SP-01","Hand-push automatic single row planter for maize, beans, and sunflower.","Premier single-row hand-push seed planter automatically digs furrow, drops seed at customizable depth and distance, and covers seed in one step.","DRAFT",0.0,0.0,0.0,10.5,"55.0 x 55.0 x 30.0 cm",false,false,"premier","seed-planters","Premier Hand Push Seed Planter Price in Kenya | Maize & Beans","Buy Premier Hand Push Automatic Seed Planter in Nairobi, Kenya. Fast, accurate planting for maize, beans, peas, and sunflower seeds.","seed planter hand push price kenya, maize planter machine nairobi","https://nuruenergy.co.ke/products/premier-hand-push-single-row-seed-planter",0
"Premier Hand Push Double Row Seed Planter","premier-hand-push-double-row-seed-planter","AGR-PRE-SP2","PR-SP-02","Double row automatic hand-push seed planter with seed and fertilizer hoppers.","Premier twin-row automatic seed planter featuring dual hoppers for simultaneously dropping seed and applying planting fertilizer with precise spacing.","DRAFT",0.0,0.0,0.0,16.0,"60.0 x 60.0 x 40.0 cm",false,false,"premier","seed-planters","Premier Double Row Seed Planter Price in Kenya","Buy Premier Double Row Hand Push Seed Planter in Nairobi, Kenya. Simultaneous seed and fertilizer application for maize and legumes.","double row seed planter price kenya, hand push planter nairobi","https://nuruenergy.co.ke/products/premier-hand-push-double-row-seed-planter",0
"Premier 16L Battery & Manual Knapsack Sprayer","premier-16l-battery-knapsack-sprayer","AGR-PRE-KS16","PR-KS-16B","16-Liter 2-in-1 electric battery and manual backup knapsack sprayer.","Premier 16L knapsack sprayer powered by 12V 8Ah rechargeable battery delivering up to 6 hours continuous spraying, plus backup manual hand pump.","DRAFT",0.0,0.0,0.0,6.2,"38.0 x 20.0 x 52.0 cm",false,false,"premier","knapsack-sprayers","Premier 16L Battery Knapsack Sprayer Price in Kenya","Buy Premier 16L Rechargeable Battery Knapsack Sprayer in Nairobi, Kenya. Dual electric battery and manual operation for farm crop spraying.","battery knapsack sprayer price kenya, 16l battery sprayer nairobi","https://nuruenergy.co.ke/products/premier-16l-battery-knapsack-sprayer",0
"Aerobs 20L Gasoline Engine Mist Blower Sprayer","aerobs-20l-gasoline-mist-blower","AGR-AER-MB20","BS-3WF3","20-Liter 2-stroke gasoline engine mist blower and duster sprayer.","Aerobs 20L petrol engine mist blower delivering high velocity chemical fog mist up to 12 meters reach for orchard, tea, and field crop spraying.","DRAFT",0.0,0.0,0.0,11.5,"50.0 x 40.0 x 70.0 cm",false,false,"aerobs","knapsack-sprayers","Aerobs 20L Gasoline Mist Blower Price in Kenya | Petrol Sprayer","Buy Aerobs 20L Petrol Engine Mist Blower Sprayer in Nairobi, Kenya. Long range chemical fogger for farm pest control and crop dusting.","gasoline mist blower price kenya, petrol mist blower nairobi","https://nuruenergy.co.ke/products/aerobs-20l-gasoline-mist-blower",0
"Premier Single Bucket Electric Cow Milking Machine","premier-single-bucket-cow-milking-machine","AGR-PRE-MM1","PR-MM-01","Electric single 25L stainless steel bucket cow milking machine.","Premier single bucket cow milking machine featuring 0.55kW electric motor, 25L food-grade stainless steel milk bucket, and gentle pulsation system.","DRAFT",0.0,0.0,0.0,48.0,"85.0 x 45.0 x 88.0 cm",true,false,"premier","milking-machines","Premier Single Bucket Cow Milking Machine Price in Kenya","Buy Premier Single Bucket Electric Cow Milking Machine in Nairobi, Kenya. Milks 10-12 cows per hour with hygienic stainless steel bucket.","milking machine price kenya, single bucket cow milking machine","https://nuruenergy.co.ke/products/premier-single-bucket-cow-milking-machine",0
"Premier Double Bucket Electric Cow & Goat Milking Machine","premier-double-bucket-milking-machine","AGR-PRE-MM2","PR-MM-02","Twin 25L bucket electric milking machine for cows and goats.","Premier double bucket commercial milking machine equipped with 0.75kW motor and twin 25L stainless steel buckets for simultaneous milking of two cows or goats.","DRAFT",0.0,0.0,0.0,72.0,"100.0 x 60.0 x 95.0 cm",true,false,"premier","milking-machines","Premier Double Bucket Milking Machine Price in Kenya","Buy Premier Double Bucket Electric Milking Machine in Nairobi, Kenya. Efficient twin bucket system for dairy farms.","double bucket milking machine price kenya, goat milking machine nairobi","https://nuruenergy.co.ke/products/premier-double-bucket-milking-machine",0
"Premier Electric Maize & Corn Sheller Machine","premier-electric-maize-sheller","AGR-PRE-MS1","PR-MS-2.2KW","2.2kW electric motor maize sheller threshing machine.","Premier heavy duty electric maize sheller machine capable of shelling 1,000–1,500 kg/hr of harvested corn with zero grain breakage.","DRAFT",0.0,0.0,0.0,45.0,"80.0 x 40.0 x 75.0 cm",true,false,"premier","walking-tractors-tillers","Premier Electric Maize Sheller Machine Price in Kenya","Buy Premier Electric Maize Sheller Machine in Nairobi, Kenya. High speed corn thresher for commercial farmers.","maize sheller price kenya, corn thresher machine nairobi","https://nuruenergy.co.ke/products/premier-electric-maize-sheller",0
"Dera Petrol Engine Heavy Duty Chaff Cutter Machine","dera-petrol-chaff-cutter-machine","AGR-DER-CC7P","DR-CC-7HP","7.0HP petrol engine 4-blade chaff cutter and fodder chopper.","Dera 7HP petrol engine chaff cutter designed for cutting green/dry napier grass, maize stalks, and sugarcane for cattle silage feed.","DRAFT",0.0,0.0,0.0,65.0,"95.0 x 55.0 x 85.0 cm",true,false,"dera","walking-tractors-tillers","Dera Petrol Chaff Cutter Machine Price in Kenya | Napier Cutter","Buy Dera 7HP Petrol Chaff Cutter in Nairobi, Kenya. High output fodder chopper for dairy cows and livestock farming.","chaff cutter price kenya, napier grass cutter machine","https://nuruenergy.co.ke/products/dera-petrol-chaff-cutter-machine",0
"Windsor Electric Motor Chaff Cutter Machine","windsor-electric-chaff-cutter-machine","AGR-WIN-CC3E","WIN-CC-3KW","3.0kW heavy duty electric motor chaff cutter with 4 rotary blades.","Windsor 3kW electric chaff cutter machine delivering up to 800 kg/hr napier grass and fodder chopping for small and medium dairy farms.","DRAFT",0.0,0.0,0.0,58.0,"90.0 x 50.0 x 80.0 cm",true,false,"windsor","walking-tractors-tillers","Windsor Electric Chaff Cutter Machine Price in Kenya","Buy Windsor 3kW Electric Motor Chaff Cutter in Nairobi, Kenya. Durable 4-blade fodder chopper for livestock feed preparation.","windsor chaff cutter price kenya, electric napier cutter","https://nuruenergy.co.ke/products/windsor-electric-chaff-cutter-machine",0
"Ritar 4.5Ah 6V Lead Acid Battery","ritar-4-5ah-6v-lead-acid-battery","BAT-RIT-4.5-6V","RT645","4.5Ah 6V maintenance-free valve regulated lead acid battery.","Ritar 4.5Ah 6V VRLA lead acid battery designed for solar lanterns, emergency lights, electronic scales, and small backup systems.","DRAFT",0.0,0.0,0.0,0.7,"7.0 x 4.7 x 10.1 cm",false,false,"ritar","lead-acid-solar-batteries","Ritar 4.5Ah 6V Lead Acid Battery Price in Kenya","Buy Ritar 4.5Ah 6V Lead Acid Battery in Nairobi, Kenya. Reliable compact power for emergency lights and lanterns.","ritar 4.5ah 6v battery kenya, 6v solar battery","https://nuruenergy.co.ke/products/ritar-4-5ah-6v-lead-acid-battery",0
"Ritar 5Ah 12V Lead Acid Battery","ritar-5ah-12v-lead-acid-battery","BAT-RIT-5-12V","RT1250","5Ah 12V sealed maintenance-free lead acid battery.","Ritar 5Ah 12V rechargeable AGM VRLA battery for UPS systems, alarm systems, electric gates, and small solar equipment.","DRAFT",0.0,0.0,0.0,1.5,"9.0 x 7.0 x 10.1 cm",false,false,"ritar","lead-acid-solar-batteries","Ritar 5Ah 12V Lead Acid Battery Price in Kenya","Buy Ritar 5Ah 12V Lead Acid Battery in Nairobi, Kenya. Sealed lead acid battery for alarms, UPS, and DC kits.","ritar 5ah 12v battery kenya, 5ah lead acid battery","https://nuruenergy.co.ke/products/ritar-5ah-12v-lead-acid-battery",0
"Ritar 7Ah 12V Lead Acid Battery","ritar-7ah-12v-lead-acid-battery","BAT-RIT-7-12V","RT1270","7Ah 12V high performance sealed lead acid battery.","Ritar 7Ah 12V VRLA lead acid battery ideal for computer UPS backup, security alarm systems, electric fences, and emergency lighting.","DRAFT",0.0,0.0,0.0,2.1,"15.1 x 6.5 x 9.4 cm",false,false,"ritar","lead-acid-solar-batteries","Ritar 7Ah 12V Lead Acid Battery Price in Kenya","Buy Ritar 7Ah 12V Lead Acid Battery in Nairobi, Kenya. Standard battery for computer UPS, security systems, and gates.","ritar 7ah 12v battery price kenya, ups battery 7ah","https://nuruenergy.co.ke/products/ritar-7ah-12v-lead-acid-battery",0
"Ritar 9Ah 12V Lead Acid Battery","ritar-9ah-12v-lead-acid-battery","BAT-RIT-9-12V","RT1290","9Ah 12V high rate discharge sealed lead acid battery.","Ritar 9Ah 12V AGM battery offering enhanced capacity in standard 7Ah dimensions for extended UPS and power backup runtime.","DRAFT",0.0,0.0,0.0,2.5,"15.1 x 6.5 x 9.4 cm",false,false,"ritar","lead-acid-solar-batteries","Ritar 9Ah 12V Lead Acid Battery Price in Kenya","Buy Ritar 9Ah 12V Lead Acid Battery in Nairobi, Kenya. High capacity battery for UPS and solar backup power.","ritar 9ah 12v battery price, 9ah ups battery kenya","https://nuruenergy.co.ke/products/ritar-9ah-12v-lead-acid-battery",0
"Ritar 12Ah 12V Lead Acid Battery","ritar-12ah-12v-lead-acid-battery","BAT-RIT-12-12V","RT12120","12Ah 12V deep discharge lead acid battery.","Ritar 12Ah 12V maintenance-free battery for electric gate motors, solar street lights, electric fences, and medical equipment.","DRAFT",0.0,0.0,0.0,3.6,"15.1 x 9.8 x 9.5 cm",false,false,"ritar","lead-acid-solar-batteries","Ritar 12Ah 12V Lead Acid Battery Price in Kenya","Buy Ritar 12Ah 12V Lead Acid Battery in Nairobi, Kenya. Reliable power for gate motors, electric fences, and solar kits.","ritar 12ah 12v battery kenya, gate motor battery","https://nuruenergy.co.ke/products/ritar-12ah-12v-lead-acid-battery",0
"Ritar 18Ah 12V Lead Acid Battery","ritar-18ah-12v-lead-acid-battery","BAT-RIT-18-12V","RT12180","18Ah 12V heavy-duty sealed lead acid battery.","Ritar 18Ah 12V battery built for lawn mowers, solar home lighting, high-demand gate automation, and telemetry equipment.","DRAFT",0.0,0.0,0.0,5.3,"18.1 x 7.7 x 16.7 cm",false,false,"ritar","lead-acid-solar-batteries","Ritar 18Ah 12V Lead Acid Battery Price in Kenya","Buy Ritar 18Ah 12V Lead Acid Battery in Nairobi, Kenya. Durable deep cycle battery for solar and automation backup.","ritar 18ah 12v battery kenya, 18ah lead acid battery","https://nuruenergy.co.ke/products/ritar-18ah-12v-lead-acid-battery",0
"Ritar 24Ah 12V Lead Acid Battery","ritar-24ah-12v-lead-acid-battery","BAT-RIT-24-12V","RT12240","24Ah 12V deep cycle lead acid energy storage battery.","Ritar 24Ah 12V VRLA lead acid battery engineered for small solar power systems, electric mobility, and telecommunications.","DRAFT",0.0,0.0,0.0,7.2,"16.5 x 12.5 x 17.5 cm",false,false,"ritar","lead-acid-solar-batteries","Ritar 24Ah 12V Lead Acid Battery Price in Kenya","Buy Ritar 24Ah 12V Lead Acid Battery in Nairobi, Kenya. Sealed deep cycle battery for solar systems and equipment.","ritar 24ah 12v battery price kenya, 24ah solar battery","https://nuruenergy.co.ke/products/ritar-24ah-12v-lead-acid-battery",0
"Ritar 33Ah 12V Lead Acid Battery","ritar-33ah-12v-lead-acid-battery","BAT-RIT-33-12V","RT12330","33Ah 12V deep cycle lead acid solar battery.","Ritar 33Ah 12V maintenance-free battery providing reliable energy storage for home solar kits, DC appliances, and UPS systems.","DRAFT",0.0,0.0,0.0,10.2,"19.5 x 13.0 x 18.0 cm",false,false,"ritar","lead-acid-solar-batteries","Ritar 33Ah 12V Lead Acid Battery Price in Kenya","Buy Ritar 33Ah 12V Lead Acid Battery in Nairobi, Kenya. Heavy duty solar battery for home lighting and TV.","ritar 33ah 12v battery price, 33ah solar battery kenya","https://nuruenergy.co.ke/products/ritar-33ah-12v-lead-acid-battery",0
"Ritar 40Ah 12V Lead Acid Battery","ritar-40ah-12v-lead-acid-battery","BAT-RIT-40-12V","RT12400","40Ah 12V deep cycle energy storage lead acid battery.","Ritar 40Ah 12V lead acid battery delivering steady discharge capability for residential solar lighting and small power inverters.","DRAFT",0.0,0.0,0.0,12.5,"19.7 x 16.5 x 17.0 cm",false,false,"ritar","lead-acid-solar-batteries","Ritar 40Ah 12V Lead Acid Battery Price in Kenya","Buy Ritar 40Ah 12V Lead Acid Battery in Nairobi, Kenya. Compact deep cycle battery for off-grid solar power.","ritar 40ah 12v battery price kenya, 40ah deep cycle battery","https://nuruenergy.co.ke/products/ritar-40ah-12v-lead-acid-battery",0
"Ritar 100Ah 12V Deep Cycle Lead Acid Battery","ritar-100ah-12v-lead-acid-battery","BAT-RIT-100LA","RA12-100","100Ah 12V heavy-duty deep cycle lead acid solar battery.","Ritar 100Ah 12V deep cycle lead acid battery engineered with heavy-duty lead alloy plates for reliable solar energy storage and inverter backup.","DRAFT",0.0,0.0,0.0,28.5,"32.8 x 17.2 x 21.5 cm",false,false,"ritar","lead-acid-solar-batteries","Ritar 100Ah 12V Lead Acid Solar Battery Price in Kenya","Buy Ritar 100Ah 12V Deep Cycle Lead Acid Battery in Nairobi, Kenya. Long cycle life for home solar and inverter backup.","ritar 100ah lead acid battery price kenya, 100ah solar battery","https://nuruenergy.co.ke/products/ritar-100ah-12v-lead-acid-battery",0
"Ritar 150Ah 12V Deep Cycle Lead Acid Battery","ritar-150ah-12v-lead-acid-battery","BAT-RIT-150LA","RA12-150","150Ah 12V high capacity deep cycle lead acid solar battery.","Ritar 150Ah 12V lead acid battery built for residential and commercial solar installations requiring dependable long-duration power backup.","DRAFT",0.0,0.0,0.0,43.0,"48.3 x 17.0 x 24.0 cm",false,false,"ritar","lead-acid-solar-batteries","Ritar 150Ah 12V Lead Acid Battery Price in Kenya","Buy Ritar 150Ah 12V Deep Cycle Lead Acid Battery in Nairobi, Kenya. High capacity battery for solar power systems.","ritar 150ah lead acid battery price, 150ah solar battery nairobi","https://nuruenergy.co.ke/products/ritar-150ah-12v-lead-acid-battery",0
"Ritar 200Ah 12V Deep Cycle Lead Acid Battery","ritar-200ah-12v-lead-acid-battery","BAT-RIT-200LA","RA12-200","200Ah 12V heavy-duty deep cycle lead acid solar battery.","Ritar 200Ah 12V lead acid battery delivering maximum energy storage capacity and deep discharge recovery for solar hybrid inverters.","DRAFT",0.0,0.0,0.0,56.0,"52.2 x 24.0 x 21.8 cm",false,false,"ritar","lead-acid-solar-batteries","Ritar 200Ah 12V Lead Acid Battery Price in Kenya","Buy Ritar 200Ah 12V Deep Cycle Lead Acid Battery in Nairobi, Kenya. Heavy duty energy storage for solar installations.","ritar 200ah lead acid battery price kenya, 200ah solar battery","https://nuruenergy.co.ke/products/ritar-200ah-12v-lead-acid-battery",0
"Powermate 35Ah 12V Deep Cycle Solar Battery","powermate-35ah-12v-solar-battery","BAT-PWM-35G","PWM-GEL-35","35Ah 12V maintenance-free deep cycle solar battery.","Powermate 35Ah 12V solar battery designed for small solar home kits, LED lights, radio, and phone charging in rural and urban homes.","DRAFT",0.0,0.0,0.0,10.5,"19.5 x 13.0 x 16.0 cm",false,false,"powermate","gel-deep-cycle-batteries","Powermate 35Ah 12V Solar Battery Price in Kenya","Buy Powermate 35Ah 12V Deep Cycle Solar Battery in Nairobi, Kenya. Compact energy storage for home solar kits.","powermate 35ah battery price kenya, 35ah solar battery","https://nuruenergy.co.ke/products/powermate-35ah-12v-solar-battery",0
"Powermate 50Ah 12V Deep Cycle Solar Battery","powermate-50ah-12v-solar-battery","BAT-PWM-50G","PWM-GEL-50","50Ah 12V sealed deep cycle solar battery.","Powermate 50Ah 12V maintenance-free solar battery built with thick lead plates for long cyclic service life with 300W–500W inverters.","DRAFT",0.0,0.0,0.0,14.5,"23.0 x 14.0 x 21.0 cm",false,false,"powermate","gel-deep-cycle-batteries","Powermate 50Ah 12V Solar Battery Price in Kenya","Buy Powermate 50Ah 12V Deep Cycle Solar Battery in Nairobi, Kenya. Dependable battery storage for home lighting and TV.","powermate 50ah battery price kenya, 50ah solar battery","https://nuruenergy.co.ke/products/powermate-50ah-12v-solar-battery",0
"Powermate 75Ah 12V Deep Cycle Solar Battery","powermate-75ah-12v-solar-battery","BAT-PWM-75G","PWM-GEL-75","75Ah 12V deep cycle solar energy storage battery.","Powermate 75Ah 12V solar battery delivering dependable power output for home entertainment, refrigeration, and lighting backup.","DRAFT",0.0,0.0,0.0,21.0,"26.0 x 17.0 x 21.0 cm",false,false,"powermate","gel-deep-cycle-batteries","Powermate 75Ah 12V Solar Battery Price in Kenya","Buy Powermate 75Ah 12V Deep Cycle Solar Battery in Nairobi, Kenya. Reliable energy storage for off-grid home solar kits.","powermate 75ah battery price kenya, 75ah solar battery","https://nuruenergy.co.ke/products/powermate-75ah-12v-solar-battery",0
"Powermate 100Ah 12V Deep Cycle Solar Battery","powermate-100ah-12v-solar-battery","BAT-PWM-100G","PWM-GEL-100","100Ah 12V sealed maintenance-free deep cycle solar battery.","Powermate 100Ah 12V deep cycle battery engineered for residential inverters, farm power setups, and continuous solar discharge.","DRAFT",0.0,0.0,0.0,29.0,"33.0 x 17.0 x 22.0 cm",false,false,"powermate","gel-deep-cycle-batteries","Powermate 100Ah 12V Solar Battery Price in Kenya","Buy Powermate 100Ah 12V Deep Cycle Solar Battery in Nairobi, Kenya. Sealed maintenance-free battery for solar inverters.","powermate 100ah battery price kenya, 100ah solar battery","https://nuruenergy.co.ke/products/powermate-100ah-12v-solar-battery",0
"Powermate 150Ah 12V Deep Cycle Solar Battery","powermate-150ah-12v-solar-battery","BAT-PWM-150G","PWM-GEL-150","150Ah 12V high capacity deep cycle solar battery.","Powermate 150Ah 12V solar battery providing high discharge endurance for 1kW–3kW hybrid solar systems and power cut backup.","DRAFT",0.0,0.0,0.0,42.5,"48.0 x 17.0 x 24.0 cm",false,false,"powermate","gel-deep-cycle-batteries","Powermate 150Ah 12V Solar Battery Price in Kenya","Buy Powermate 150Ah 12V Deep Cycle Solar Battery in Nairobi, Kenya. High capacity battery for home and commercial backup.","powermate 150ah battery price kenya, 150ah solar battery","https://nuruenergy.co.ke/products/powermate-150ah-12v-solar-battery",0
"Powermate 25m 1.5mm Cable Extension Reel","powermate-25m-1-5mm-cable-extension-reel","ACC-PWM-25M-1.5","PWM-CR25-15","25-Meter 1.5mm² heavy duty portable cable extension reel with 4 sockets.","Powermate 25-meter cable reel with 1.5mm² pure copper cable, thermal cutout overload switch, and 4 UK/Kenyan standard 13A socket outlets for power tools.","DRAFT",0.0,0.0,0.0,3.8,"26.0 x 19.0 x 33.0 cm",false,false,"powermate","cable-reels-power-accessories","Powermate 25m 1.5mm Cable Extension Reel Price in Kenya","Buy Powermate 25m 1.5mm Heavy Duty Cable Extension Reel in Nairobi, Kenya. Thermal overload protection with 4 socket outlets.","cable extension reel 25m price kenya, powermate cable reel 1.5mm","https://nuruenergy.co.ke/products/powermate-25m-1-5mm-cable-extension-reel",0
"Powermate 25m 2.5mm Heavy Duty Cable Extension Reel","powermate-25m-2-5mm-cable-extension-reel","ACC-PWM-25M-2.5","PWM-CR25-25","25-Meter 2.5mm² heavy duty industrial cable extension reel with 4 sockets.","Powermate 25-meter heavy duty reel featuring high current 2.5mm² copper wiring, metal stand frame, and safety reset button for welding and high power tools.","DRAFT",0.0,0.0,0.0,4.8,"28.0 x 20.0 x 35.0 cm",false,false,"powermate","cable-reels-power-accessories","Powermate 25m 2.5mm Heavy Duty Cable Reel Price in Kenya","Buy Powermate 25m 2.5mm Industrial Cable Extension Reel in Nairobi, Kenya. Heavy gauge copper cable for workshop and construction tools.","cable reel 25m 2.5mm price kenya, heavy duty extension reel","https://nuruenergy.co.ke/products/powermate-25m-2-5mm-cable-extension-reel",0
"Powermate 50m 1.5mm Cable Extension Reel","powermate-50m-1-5mm-cable-extension-reel","ACC-PWM-50M-1.5","PWM-CR50-15","50-Meter 1.5mm² long range cable extension reel with 4 sockets.","Powermate 50-meter cable reel with 1.5mm² copper core, winding handle, thermal safety trip, and 4 outlets for expansive outdoor farm and site work.","DRAFT",0.0,0.0,0.0,6.5,"30.0 x 22.0 x 38.0 cm",false,false,"powermate","cable-reels-power-accessories","Powermate 50m 1.5mm Cable Extension Reel Price in Kenya","Buy Powermate 50m 1.5mm Cable Extension Reel in Nairobi, Kenya. Long range 50-meter extension reel for outdoor power tools.","cable reel 50m price kenya, powermate 50m extension reel","https://nuruenergy.co.ke/products/powermate-50m-1-5mm-cable-extension-reel",0
"Powermate 50m 2.5mm Heavy Duty Industrial Cable Reel","powermate-50m-2-5mm-cable-extension-reel","ACC-PWM-50M-2.5","PWM-CR50-25","50-Meter 2.5mm² heavy duty industrial cable extension reel.","Powermate 50-meter industrial cable reel built with rugged steel tubular frame, 2.5mm² high capacity copper cable, and 4 illuminated 13A socket outlets.","DRAFT",0.0,0.0,0.0,8.5,"32.0 x 24.0 x 40.0 cm",false,false,"powermate","cable-reels-power-accessories","Powermate 50m 2.5mm Industrial Cable Reel Price in Kenya","Buy Powermate 50m 2.5mm Industrial Heavy Duty Cable Reel in Nairobi, Kenya. Maximum length and heavy current capacity for welding and site machinery.","cable reel 50m 2.5mm price kenya, heavy duty extension reel 50m","https://nuruenergy.co.ke/products/powermate-50m-2-5mm-cable-extension-reel",0
"Premier 2-Stroke Side Pack 2-in-1 Brush Cutter","premier-2-stroke-side-pack-2in1-brush-cutter","AGR-PRE-2S-SP2","PR-BC2S-SP2","2-Stroke side-pack 2-in-1 petrol brush cutter with blade and nylon trimmer.","Premier 2-stroke shoulder-mount side pack brush cutter equipped with 3T steel clearing blade, auto-feed nylon trimmer head, and ergonomic bike handle.","DRAFT",0.0,0.0,0.0,7.5,"185.0 x 28.0 x 28.0 cm",false,false,"premier","brush-cutters","Premier 2-Stroke Side Pack 2-in-1 Brush Cutter Price in Kenya","Buy Premier 2-Stroke Side Pack 2-in-1 Brush Cutter in Nairobi, Kenya. Powerful weed clearing and lawn trimming.","premier 2 stroke brush cutter price kenya, side pack grass cutter","https://nuruenergy.co.ke/products/premier-2-stroke-side-pack-2in1-brush-cutter",0
"Premier 4-Stroke Side Pack 2-in-1 Brush Cutter","premier-4-stroke-side-pack-2in1-brush-cutter","AGR-PRE-4S-SP2","PR-BC4S-SP2","4-Stroke fuel-efficient side-pack 2-in-1 brush cutter with low emissions.","Premier 4-stroke side pack brush cutter delivering smooth torque, low noise, no fuel-oil mixing requirement, and 2-in-1 blade and trimmer attachments.","DRAFT",0.0,0.0,0.0,8.2,"185.0 x 28.0 x 28.0 cm",false,false,"premier","brush-cutters","Premier 4-Stroke Side Pack 2-in-1 Brush Cutter Price in Kenya","Buy Premier 4-Stroke Side Pack Brush Cutter in Nairobi, Kenya. Fuel-efficient grass trimmer with separate oil sump.","premier 4 stroke brush cutter price, 4 stroke grass trimmer kenya","https://nuruenergy.co.ke/products/premier-4-stroke-side-pack-2in1-brush-cutter",0
"Premier 2-Stroke Back Pack 2-in-1 Brush Cutter","premier-2-stroke-back-pack-2in1-brush-cutter","AGR-PRE-2S-BP2","PR-BC2S-BP2","2-Stroke backpack knapsack brush cutter with flexible drive shaft.","Premier 2-stroke backpack brush cutter featuring a padded knapsack harness, flexible drive shaft for hillside clearing, 3T blade, and nylon line head.","DRAFT",0.0,0.0,0.0,9.5,"40.0 x 35.0 x 50.0 cm",false,false,"premier","brush-cutters","Premier 2-Stroke Backpack 2-in-1 Brush Cutter Price in Kenya","Buy Premier 2-Stroke Backpack Brush Cutter in Nairobi, Kenya. Comfortable knapsack design for clearing steep slopes and large farms.","backpack brush cutter price kenya, premier backpack grass cutter","https://nuruenergy.co.ke/products/premier-2-stroke-back-pack-2in1-brush-cutter",0
"Premier 4-Stroke Back Pack 2-in-1 Brush Cutter","premier-4-stroke-back-pack-2in1-brush-cutter","AGR-PRE-4S-BP2","PR-BC4S-BP2","4-Stroke backpack brush cutter for effortless hillside grass clearing.","Premier 4-stroke knapsack backpack brush cutter combining low fuel consumption, quiet operation, comfortable back frame, and 2-in-1 cutting heads.","DRAFT",0.0,0.0,0.0,10.2,"42.0 x 36.0 x 52.0 cm",false,false,"premier","brush-cutters","Premier 4-Stroke Backpack 2-in-1 Brush Cutter Price in Kenya","Buy Premier 4-Stroke Backpack Brush Cutter in Nairobi, Kenya. Heavy duty 4-stroke engine on padded knapsack frame.","premier 4 stroke backpack brush cutter price, knapsack grass trimmer","https://nuruenergy.co.ke/products/premier-4-stroke-back-pack-2in1-brush-cutter",0
"Premier 2-Stroke Side Pack 4-in-1 Multi-Tool Brush Cutter","premier-2-stroke-side-pack-4in1-brush-cutter","AGR-PRE-2S-SP4","PR-BC2S-SP4","2-Stroke 4-in-1 multi-functional garden tool with trimmer, pole saw, and hedge trimmer.","Premier 2-stroke 4-in-1 multi-tool system including grass trimmer, 3T brush blade, long reach pole chainsaw pruner, and articulating hedge trimmer.","DRAFT",0.0,0.0,0.0,11.5,"110.0 x 30.0 x 30.0 cm",false,false,"premier","brush-cutters","Premier 2-Stroke Side Pack 4-in-1 Multi-Tool Brush Cutter Price in Kenya","Buy Premier 2-Stroke 4-in-1 Multi-Tool Brush Cutter in Nairobi, Kenya. Complete tree pruning, hedge trimming, and weed cutting kit.","premier 4 in 1 brush cutter price kenya, multi tool garden trimmer","https://nuruenergy.co.ke/products/premier-2-stroke-side-pack-4in1-brush-cutter",0
"Premier 4-Stroke Side Pack 4-in-1 Multi-Tool Brush Cutter","premier-4-stroke-side-pack-4in1-brush-cutter","AGR-PRE-4S-SP4","PR-BC4S-SP4","4-Stroke 4-in-1 commercial multi-tool brush cutter and pole saw system.","Premier 4-stroke 4-in-1 multi-function brush cutter offering easy starting, high torque, grass clearing, hedge shaping, and high branch pruning.","DRAFT",0.0,0.0,0.0,12.2,"110.0 x 30.0 x 30.0 cm",false,false,"premier","brush-cutters","Premier 4-Stroke Side Pack 4-in-1 Multi-Tool Brush Cutter Price in Kenya","Buy Premier 4-Stroke 4-in-1 Multi-Tool Brush Cutter in Nairobi, Kenya. Versatile farm clearing and tree pruning system.","premier 4 stroke 4 in 1 brush cutter price, pole saw brush cutter kenya","https://nuruenergy.co.ke/products/premier-4-stroke-side-pack-4in1-brush-cutter",0
"Dera 2-Stroke 2-in-1 Petrol Brush Cutter","dera-2-stroke-2in1-brush-cutter","AGR-DER-2S-2IN1","DR-BC2S-2IN1","2-Stroke 2-in-1 petrol grass trimmer and clearing brush cutter.","Dera 2-stroke petrol brush cutter featuring high-revving commercial engine, 3-tooth brush blade, nylon trimmer head, and protective debris guard.","DRAFT",0.0,0.0,0.0,7.6,"185.0 x 28.0 x 28.0 cm",false,false,"dera","brush-cutters","Dera 2-Stroke 2-in-1 Petrol Brush Cutter Price in Kenya","Buy Dera 2-Stroke 2-in-1 Brush Cutter in Nairobi, Kenya. Reliable farm grass cutter and fence line trimmer.","dera 2 stroke brush cutter price kenya, 2 in 1 grass trimmer","https://nuruenergy.co.ke/products/dera-2-stroke-2in1-brush-cutter",0
"Dera 4-Stroke 2-in-1 Petrol Brush Cutter","dera-4-stroke-2in1-brush-cutter","AGR-DER-4S-2IN1","DR-BC4S-2IN1","4-Stroke 2-in-1 low emission petrol brush cutter with clearing blade.","Dera 4-stroke petrol brush cutter designed for quiet operation, superior fuel economy, high cutting power, and quick-change 2-in-1 blade attachments.","DRAFT",0.0,0.0,0.0,8.4,"185.0 x 28.0 x 28.0 cm",false,false,"dera","brush-cutters","Dera 4-Stroke 2-in-1 Petrol Brush Cutter Price in Kenya","Buy Dera 4-Stroke 2-in-1 Brush Cutter in Nairobi, Kenya. Pure petrol engine with no 2T oil mixing needed.","dera 4 stroke brush cutter price kenya, 4 stroke grass trimmer","https://nuruenergy.co.ke/products/dera-4-stroke-2in1-brush-cutter",0
"Dera 2-Stroke 4-in-1 Multi-Function Brush Cutter Kit","dera-2-stroke-4in1-brush-cutter","AGR-DER-2S-4IN1","DR-BC2S-4IN1","2-Stroke 4-in-1 versatile garden multi-tool with pole pruner and hedge trimmer.","Dera 2-stroke 4-in-1 multi-functional garden tool system complete with brush cutter, line trimmer, pole chainsaw pruner, and double-sided hedge trimmer.","DRAFT",0.0,0.0,0.0,11.2,"110.0 x 30.0 x 30.0 cm",false,false,"dera","brush-cutters","Dera 2-Stroke 4-in-1 Multi-Function Brush Cutter Price in Kenya","Buy Dera 2-Stroke 4-in-1 Multi-Function Brush Cutter in Nairobi, Kenya. All-in-one farm clearing and hedge trimming tool.","dera 4 in 1 brush cutter price kenya, multi tool brush cutter","https://nuruenergy.co.ke/products/dera-2-stroke-4in1-brush-cutter",0
"Dera 4-Stroke 4-in-1 Multi-Function Brush Cutter Kit","dera-4-stroke-4in1-brush-cutter","AGR-DER-4S-4IN1","DR-BC4S-4IN1","4-Stroke 4-in-1 commercial multi-tool power pruner and grass trimmer.","Dera 4-stroke 4-in-1 multi-tool set providing heavy cutting power for high branches, farm hedges, weeds, and thick bush without oil mixing hassles.","DRAFT",0.0,0.0,0.0,12.0,"110.0 x 30.0 x 30.0 cm",false,false,"dera","brush-cutters","Dera 4-Stroke 4-in-1 Multi-Function Brush Cutter Price in Kenya","Buy Dera 4-Stroke 4-in-1 Multi-Function Brush Cutter in Nairobi, Kenya. Powerful 4-stroke engine multi-tool system.","dera 4 stroke 4 in 1 brush cutter price, garden multi tool kenya","https://nuruenergy.co.ke/products/dera-4-stroke-4in1-brush-cutter",0
"Benford 9HP Gasoline Power Tiller & Cultivator","benford-9hp-gasoline-power-tiller","AGR-BNF-9HP-G","BF-TL9G","9.0HP OHV gasoline power tiller and rotary cultivator for farm tillage.","Benford 9HP petrol power tiller equipped with heavy-duty rotary tilling blades, adjustable depth skid, forward/reverse gearbox, and rugged pneumatic transport wheels.","DRAFT",0.0,0.0,0.0,85.0,"140.0 x 80.0 x 95.0 cm",true,false,"benford","walking-tractors-tillers","Benford 9HP Gasoline Power Tiller Price in Kenya | Rotary Cultivator","Buy Benford 9HP Gasoline Power Tiller in Nairobi, Kenya. Fast, efficient soil cultivation for vegetable gardens and maize farms.","benford 9hp tiller price kenya, gasoline power tiller nairobi","https://nuruenergy.co.ke/products/benford-9hp-gasoline-power-tiller",0
"Benford 15HP Heavy Duty Diesel Walking Tractor & Tiller","benford-15hp-diesel-power-tiller","AGR-BNF-15HP-D","BF-TL15D","15HP direct-injection diesel walking tractor with rotary tiller and plow.","Benford 15HP heavy duty diesel walking tractor engineered for deep soil plowing, rotary tilling, and trailer towing for medium-scale commercial farms.","DRAFT",0.0,0.0,0.0,380.0,"215.0 x 95.0 x 115.0 cm",true,true,"benford","walking-tractors-tillers","Benford 15HP Diesel Walking Tractor Price in Kenya","Buy Benford 15HP Heavy Duty Diesel Walking Tractor & Tiller in Nairobi, Kenya. High power agricultural tractor with rotary tiller attachments.","benford 15hp diesel tiller price, walking tractor kenya","https://nuruenergy.co.ke/products/benford-15hp-diesel-power-tiller",0
"Premier Multifunctional Chaff Cutter and Grain Crusher","premier-multifunctional-chaff-cutter-crusher","AGR-PRE-CC-CRUSH","PR-CC9Z-0.4","Multifunctional 2-in-1 fodder chaff cutter and grain feed crusher machine.","Premier multifunctional farm machine combining a 4-blade high-speed rotary chaff cutter for napier grass/maize stalks with a hammer mill grain crusher for maize/sorghum animal feed.","DRAFT",0.0,0.0,0.0,75.0,"100.0 x 60.0 x 90.0 cm",true,false,"premier","chaff-cutters-crushers","Premier Multifunctional Chaff Cutter & Crusher Price in Kenya","Buy Premier Multifunctional Chaff Cutter and Grain Crusher in Nairobi, Kenya. Dual fodder cutting and grain milling for dairy livestock.","chaff cutter and crusher price kenya, premier feed chopper nairobi","https://nuruenergy.co.ke/products/premier-multifunctional-chaff-cutter-crusher",0
"PVC Delivery Pipe 2-Inch x 50m","pvc-delivery-pipe-2-inch-50m","PIP-PVC-2X50","PVC-DP-2-50","2-Inch 50-meter flexible PVC lay-flat water delivery pipe.","High-durability 2-inch 50m flexible PVC lay-flat discharge hose designed for farm irrigation, construction dewatering, and water pump connections.","DRAFT",0.0,0.0,0.0,11.0,"45.0 x 45.0 x 15.0 cm",false,false,"dayliff","delivery-suction-pipes","2-Inch PVC Delivery Pipe 50m Price in Kenya | Lay Flat Hose","Buy 2-inch 50m PVC lay-flat water delivery pipe in Nairobi, Kenya for farm water pumps and agricultural irrigation.","pvc delivery pipe 2 inch price kenya, 50m lay flat hose","https://nuruenergy.co.ke/products/pvc-delivery-pipe-2-inch-50m",0
"PVC Delivery Pipe 2-Inch x 100m","pvc-delivery-pipe-2-inch-100m","PIP-PVC-2X100","PVC-DP-2-100","2-Inch 100-meter flexible PVC lay-flat water delivery pipe roll.","Full 100-meter roll of 2-inch PVC lay-flat water delivery hose, resistant to weather and UV exposure for long-distance agricultural water transfer.","DRAFT",0.0,0.0,0.0,21.5,"55.0 x 55.0 x 20.0 cm",false,false,"dayliff","delivery-suction-pipes","2-Inch PVC Delivery Pipe 100m Price in Kenya","Buy 2-inch 100m PVC water delivery pipe roll in Nairobi, Kenya. Continuous irrigation discharge hose for petrol and diesel pumps.","pvc delivery pipe 2 inch 100m price, lay flat delivery pipe kenya","https://nuruenergy.co.ke/products/pvc-delivery-pipe-2-inch-100m",0
"PVC Delivery Pipe 3-Inch x 50m","pvc-delivery-pipe-3-inch-50m","PIP-PVC-3X50","PVC-DP-3-50","3-Inch 50-meter high-flow PVC lay-flat discharge pipe.","Heavy-duty 3-inch 50m PVC lay-flat water discharge pipe engineered for high volume 3-inch petrol and diesel engine water pumps.","DRAFT",0.0,0.0,0.0,16.5,"50.0 x 50.0 x 18.0 cm",false,false,"dayliff","delivery-suction-pipes","3-Inch PVC Delivery Pipe 50m Price in Kenya","Buy 3-inch 50m PVC lay-flat water delivery hose in Nairobi, Kenya. High flow discharge pipe for commercial irrigation.","pvc delivery pipe 3 inch price kenya, 3 inch lay flat hose","https://nuruenergy.co.ke/products/pvc-delivery-pipe-3-inch-50m",0
"PVC Delivery Pipe 3-Inch x 100m","pvc-delivery-pipe-3-inch-100m","PIP-PVC-3X100","PVC-DP-3-100","3-Inch 100-meter high-flow PVC lay-flat delivery pipe roll.","Complete 100-meter roll of 3-inch heavy-duty PVC lay-flat delivery hose for high capacity water distribution from rivers and dams.","DRAFT",0.0,0.0,0.0,32.0,"60.0 x 60.0 x 25.0 cm",false,false,"dayliff","delivery-suction-pipes","3-Inch PVC Delivery Pipe 100m Price in Kenya","Buy 3-inch 100m PVC water delivery hose in Nairobi, Kenya. Heavy duty water transfer pipe for farming and construction.","pvc delivery pipe 3 inch 100m price, 3 inch discharge hose","https://nuruenergy.co.ke/products/pvc-delivery-pipe-3-inch-100m",0
"High Pressure PE Braided Delivery Pipe 1.5-Inch x 30m","pe-braided-delivery-pipe-1-5-inch-30m","PIP-PEB-1.5X30","PEB-DP-1.5-30","1.5-Inch 30-meter high pressure PE braided reinforced delivery hose.","High pressure polyethylene braided delivery hose with polyester reinforcement, offering high bursting pressure resistance for pump sprayers and irrigation.","DRAFT",0.0,0.0,0.0,7.5,"40.0 x 40.0 x 15.0 cm",false,false,"dayliff","delivery-suction-pipes","1.5-Inch PE Braided Delivery Pipe 30m Price in Kenya","Buy 1.5-inch 30m PE braided high pressure delivery pipe in Nairobi, Kenya for farm water pumps.","pe braided hose kenya, 1.5 inch delivery pipe price","https://nuruenergy.co.ke/products/pe-braided-delivery-pipe-1-5-inch-30m",0
"High Pressure PE Braided Delivery Pipe 2-Inch x 50m","pe-braided-delivery-pipe-2-inch-50m","PIP-PEB-2X50","PEB-DP-2-50","2-Inch 50-meter reinforced PE braided high pressure discharge hose.","Reinforced 2-inch 50m PE braided delivery hose designed to handle high water pressure without kinking or bursting during farm water pumping.","DRAFT",0.0,0.0,0.0,14.0,"48.0 x 48.0 x 18.0 cm",false,false,"dayliff","delivery-suction-pipes","2-Inch PE Braided Delivery Pipe 50m Price in Kenya","Buy 2-inch 50m PE braided high pressure delivery hose in Nairobi, Kenya for agricultural irrigation.","pe braided delivery pipe 2 inch price, high pressure delivery hose","https://nuruenergy.co.ke/products/pe-braided-delivery-pipe-2-inch-50m",0
"High Pressure PE Braided Delivery Pipe 2-Inch x 100m","pe-braided-delivery-pipe-2-inch-100m","PIP-PEB-2X100","PEB-DP-2-100","2-Inch 100-meter full roll PE braided high pressure delivery pipe.","100-Meter roll of 2-inch PE braided high pressure delivery hose engineered with multi-layer yarn weave for long-distance agricultural water transfer.","DRAFT",0.0,0.0,0.0,27.5,"58.0 x 58.0 x 24.0 cm",false,false,"dayliff","delivery-suction-pipes","2-Inch PE Braided Delivery Pipe 100m Price in Kenya","Buy 2-inch 100m PE braided high pressure delivery pipe roll in Nairobi, Kenya. Durable braided water transfer hose.","pe braided pipe 2 inch 100m price kenya, braided delivery hose","https://nuruenergy.co.ke/products/pe-braided-delivery-pipe-2-inch-100m",0
"High Pressure PE Braided Delivery Pipe 3-Inch x 50m","pe-braided-delivery-pipe-3-inch-50m","PIP-PEB-3X50","PEB-DP-3-50","3-Inch 50-meter heavy-duty PE braided high pressure water delivery hose.","Industrial-grade 3-inch 50m PE braided delivery hose capable of withstanding high continuous water pump pressures for flood and furrow irrigation.","DRAFT",0.0,0.0,0.0,21.0,"52.0 x 52.0 x 20.0 cm",false,false,"dayliff","delivery-suction-pipes","3-Inch PE Braided Delivery Pipe 50m Price in Kenya","Buy 3-inch 50m PE braided high pressure delivery hose in Nairobi, Kenya. High flow and high pressure rating for 3-inch water pumps.","pe braided delivery pipe 3 inch price, 3 inch braided hose kenya","https://nuruenergy.co.ke/products/pe-braided-delivery-pipe-3-inch-50m",0
"High Pressure PE Braided Delivery Pipe 3-Inch x 100m","pe-braided-delivery-pipe-3-inch-100m","PIP-PEB-3X100","PEB-DP-3-100","3-Inch 100-meter heavy-duty PE braided delivery hose roll.","Extra-long 100m roll of 3-inch PE braided high pressure delivery pipe designed for demanding agricultural irrigation and construction dewatering projects.","DRAFT",0.0,0.0,0.0,41.0,"65.0 x 65.0 x 28.0 cm",false,false,"dayliff","delivery-suction-pipes","3-Inch PE Braided Delivery Pipe 100m Price in Kenya","Buy 3-inch 100m PE braided delivery pipe in Nairobi, Kenya. Industrial grade reinforced water hose.","pe braided pipe 3 inch 100m price kenya, commercial delivery hose","https://nuruenergy.co.ke/products/pe-braided-delivery-pipe-3-inch-100m",0
"Canvas Delivery Pipe 8 Bar 2-Inch x 30m","canvas-delivery-pipe-8-bar-2-inch-30m","PIP-CNV-8B-2X30","CNV-DP8-2-30","2-Inch 30-meter 8-bar heavy duty canvas water delivery hose.","Heavy duty 8-bar working pressure 2-inch canvas delivery hose lined with flexible rubber for extreme pressure resistance and abrasion durability.","DRAFT",0.0,0.0,0.0,8.5,"42.0 x 42.0 x 14.0 cm",false,false,"dayliff","delivery-suction-pipes","2-Inch Canvas Delivery Pipe 8 Bar 30m Price in Kenya","Buy 2-inch 30m 8-bar canvas water delivery pipe in Nairobi, Kenya. High pressure fire and irrigation delivery hose.","canvas delivery pipe 2 inch price kenya, 8 bar canvas pipe","https://nuruenergy.co.ke/products/canvas-delivery-pipe-8-bar-2-inch-30m",0
"Canvas Delivery Pipe 8 Bar 3-Inch x 30m","canvas-delivery-pipe-8-bar-3-inch-30m","PIP-CNV-8B-3X30","CNV-DP8-3-30","3-Inch 30-meter 8-bar industrial canvas water delivery hose.","Industrial 3-inch 30m 8-bar rubber-lined canvas delivery hose built for high output 3-inch diesel pumps, tanker discharging, and firefighting.","DRAFT",0.0,0.0,0.0,12.5,"48.0 x 48.0 x 18.0 cm",false,false,"dayliff","delivery-suction-pipes","3-Inch Canvas Delivery Pipe 8 Bar 30m Price in Kenya","Buy 3-inch 30m 8-bar canvas water delivery hose in Nairobi, Kenya. Heavy duty rubber-lined canvas pipe for water transfer.","canvas delivery pipe 3 inch price kenya, 8 bar canvas hose","https://nuruenergy.co.ke/products/canvas-delivery-pipe-8-bar-3-inch-30m",0
"Clear Wired Heavy Duty Suction Pipe 1-Inch x 30m","clear-wired-suction-pipe-1-inch-30m","PIP-CWS-1X30","CWS-SP-1-30","1-Inch 30-meter steel wire reinforced clear PVC suction hose.","Transparent 1-inch 30m PVC suction hose reinforced with high tensile spring steel wire to prevent collapse under high vacuum suction.","DRAFT",0.0,0.0,0.0,8.0,"45.0 x 45.0 x 15.0 cm",false,false,"dayliff","delivery-suction-pipes","1-Inch Clear Wired Suction Pipe 30m Price in Kenya","Buy 1-inch 30m clear steel wired suction pipe in Nairobi, Kenya for booster pumps and water suction.","clear wired suction pipe 1 inch price, steel wire suction hose","https://nuruenergy.co.ke/products/clear-wired-suction-pipe-1-inch-30m",0
"Clear Wired Heavy Duty Suction Pipe 1.5-Inch x 30m","clear-wired-suction-pipe-1-5-inch-30m","PIP-CWS-1.5X30","CWS-SP-1.5-30","1.5-Inch 30-meter steel wire reinforced transparent suction hose.","Heavy-duty 1.5-inch 30m clear PVC suction pipe embedded with spiral steel wire, allowing visual monitoring of water flow and zero hose collapse.","DRAFT",0.0,0.0,0.0,12.5,"50.0 x 50.0 x 18.0 cm",false,false,"dayliff","delivery-suction-pipes","1.5-Inch Clear Wired Suction Pipe 30m Price in Kenya","Buy 1.5-inch 30m clear steel wired suction hose in Nairobi, Kenya for water pump intake.","clear wired suction pipe 1.5 inch price kenya, wire suction hose","https://nuruenergy.co.ke/products/clear-wired-suction-pipe-1-5-inch-30m",0
"Clear Wired Heavy Duty Suction Pipe 2-Inch x 30m","clear-wired-suction-pipe-2-inch-30m","PIP-CWS-2X30","CWS-SP-2-30","2-Inch 30-meter heavy duty steel wired clear PVC suction hose.","2-Inch 30m transparent suction hose reinforced with heavy gauge spiral steel wire for 2-inch petrol and diesel water pump intake pipelines.","DRAFT",0.0,0.0,0.0,18.0,"60.0 x 60.0 x 20.0 cm",false,false,"dayliff","delivery-suction-pipes","2-Inch Clear Wired Suction Pipe 30m Price in Kenya","Buy 2-inch 30m clear wired heavy duty suction pipe in Nairobi, Kenya. Anti-collapse suction hose for 2-inch water pumps.","clear wired suction pipe 2 inch price kenya, 2 inch suction hose","https://nuruenergy.co.ke/products/clear-wired-suction-pipe-2-inch-30m",0
"Clear Wired Heavy Duty Suction Pipe 2.5-Inch x 30m","clear-wired-suction-pipe-2-5-inch-30m","PIP-CWS-2.5X30","CWS-SP-2.5-30","2.5-Inch 30-meter steel wire reinforced clear suction pipe.","2.5-Inch 30m clear wired suction hose designed for high flow pump intake lines and agricultural water lifting with high vacuum resistance.","DRAFT",0.0,0.0,0.0,24.0,"65.0 x 65.0 x 22.0 cm",false,false,"dayliff","delivery-suction-pipes","2.5-Inch Clear Wired Suction Pipe 30m Price in Kenya","Buy 2.5-inch 30m clear wired heavy duty suction pipe in Nairobi, Kenya for commercial pump systems.","clear wired suction pipe 2.5 inch price, spiral wire suction hose","https://nuruenergy.co.ke/products/clear-wired-suction-pipe-2-5-inch-30m",0
"Clear Wired Heavy Duty Suction Pipe 3-Inch x 30m","clear-wired-suction-pipe-3-inch-30m","PIP-CWS-3X30","CWS-SP-3-30","3-Inch 30-meter high capacity clear wired suction hose roll.","Heavy duty 3-inch 30m steel wire reinforced clear PVC suction hose engineered for 3-inch petrol and diesel water pumps extracting from rivers and dams.","DRAFT",0.0,0.0,0.0,30.0,"72.0 x 72.0 x 25.0 cm",false,false,"dayliff","delivery-suction-pipes","3-Inch Clear Wired Suction Pipe 30m Price in Kenya","Buy 3-inch 30m clear wired heavy duty suction hose in Nairobi, Kenya for 3-inch engine water pumps.","clear wired suction pipe 3 inch price kenya, 3 inch suction hose","https://nuruenergy.co.ke/products/clear-wired-suction-pipe-3-inch-30m",0
"Green Suction Pipe 1.5-Inch x 30m","green-suction-pipe-1-5-inch-30m","PIP-GRN-1.5X30","GRN-SP-1.5-30","1.5-Inch 30-meter heavy duty green PVC suction hose.","1.5-Inch 30m rigid PVC spiral reinforced green suction hose for agricultural water pump suction, chemical spraying, and slurry transfer.","DRAFT",0.0,0.0,0.0,11.5,"50.0 x 50.0 x 18.0 cm",false,false,"dayliff","delivery-suction-pipes","1.5-Inch Green Suction Pipe 30m Price in Kenya","Buy 1.5-inch 30m green PVC suction pipe in Nairobi, Kenya. Durable water pump intake hose.","green suction pipe 1.5 inch price kenya, green suction hose","https://nuruenergy.co.ke/products/green-suction-pipe-1-5-inch-30m",0
"Green Suction Pipe 2-Inch x 30m","green-suction-pipe-2-inch-30m","PIP-GRN-2X30","GRN-SP-2-30","2-Inch 30-meter heavy duty green spiral reinforced suction pipe.","Standard 2-inch 30m green helical PVC suction hose built for 2-inch petrol/diesel engine water pumps for drawing water from deep trenches and dams.","DRAFT",0.0,0.0,0.0,16.5,"58.0 x 58.0 x 20.0 cm",false,false,"dayliff","delivery-suction-pipes","2-Inch Green Suction Pipe 30m Price in Kenya","Buy 2-inch 30m green heavy duty suction hose in Nairobi, Kenya for farm water pumps.","green suction pipe 2 inch price kenya, 2 inch green hose","https://nuruenergy.co.ke/products/green-suction-pipe-2-inch-30m",0
"Green Suction Pipe 3-Inch x 30m","green-suction-pipe-3-inch-30m","PIP-GRN-3X30","GRN-SP-3-30","3-Inch 30-meter high-flow green PVC suction hose roll.","3-Inch 30m heavy duty green corrugated spiral PVC suction pipe delivering maximum flow rate for 3-inch agricultural irrigation pumps.","DRAFT",0.0,0.0,0.0,26.0,"70.0 x 70.0 x 25.0 cm",false,false,"dayliff","delivery-suction-pipes","3-Inch Green Suction Pipe 30m Price in Kenya","Buy 3-inch 30m green suction pipe in Nairobi, Kenya. High flow anti-collapse intake hose for 3-inch pumps.","green suction pipe 3 inch price kenya, 3 inch suction hose nairobi","https://nuruenergy.co.ke/products/green-suction-pipe-3-inch-30m",0
"Green Suction Pipe 4-Inch x 30m","green-suction-pipe-4-inch-30m","PIP-GRN-4X30","GRN-SP-4-30","4-Inch 30-meter industrial heavy duty green suction pipe.","Commercial 4-inch 30m heavy-wall green PVC suction hose built for utility-scale water intake, flood dewatering, and high capacity diesel pumps.","DRAFT",0.0,0.0,0.0,38.0,"80.0 x 80.0 x 30.0 cm",false,false,"dayliff","delivery-suction-pipes","4-Inch Green Suction Pipe 30m Price in Kenya","Buy 4-inch 30m green industrial suction hose in Nairobi, Kenya. Extra large diameter for high volume water pumping.","green suction pipe 4 inch price kenya, 4 inch suction hose","https://nuruenergy.co.ke/products/green-suction-pipe-4-inch-30m",0
"Aquasun 200L Pressurized Solar Water Heater","aquasun-200l-pressurized-solar-water-heater","SWH-AQS-200P","AQS-200L-P","200-Liter high pressure heat pipe solar water heating system.","Aquasun 200L pressurized solar water heater with high efficiency evacuated copper heat pipe tubes, food-grade stainless steel inner tank, and digital assistant controller.","DRAFT",0.0,0.0,0.0,85.0,"180.0 x 160.0 x 140.0 cm",true,true,"aquasun","solar-water-heaters","Aquasun 200L Pressurized Solar Water Heater Price in Kenya","Buy Aquasun 200L Pressurized Solar Water Heater in Nairobi, Kenya. Direct mains water pressure hot water for 4-6 people with 5-year warranty.","aquasun 200l solar water heater price kenya, pressurized solar water heater 200l","https://nuruenergy.co.ke/products/aquasun-200l-pressurized-solar-water-heater",0
"Aquasun 300L Pressurized Solar Water Heater","aquasun-300l-pressurized-solar-water-heater","SWH-AQS-300P","AQS-300L-P","300-Liter commercial and large household pressurized solar water heater.","Aquasun 300L pressurized solar water heater featuring 30 heat pipe evacuated tubes, 300L insulated stainless steel tank, and electric backup element for rainy days.","DRAFT",0.0,0.0,0.0,115.0,"240.0 x 160.0 x 140.0 cm",true,true,"aquasun","solar-water-heaters","Aquasun 300L Pressurized Solar Water Heater Price in Kenya","Buy Aquasun 300L Pressurized Solar Water Heater in Nairobi, Kenya. High capacity hot water system for large homes, apartments, and hotels.","aquasun 300l solar water heater price kenya, 300l pressurized solar heater","https://nuruenergy.co.ke/products/aquasun-300l-pressurized-solar-water-heater",0
"Aquasun 150L Non-Pressurized Solar Water Heater","aquasun-150l-non-pressurized-solar-water-heater","SWH-AQS-150NP","AQS-150L-NP","150-Liter gravity-fed non-pressurized solar water heating system.","Aquasun 150L non-pressurized solar water heater equipped with 15 vacuum evacuated glass tubes, assistant tank, and galvanized steel mounting frame for 2-4 persons.","DRAFT",0.0,0.0,0.0,55.0,"140.0 x 150.0 x 135.0 cm",true,true,"aquasun","solar-water-heaters","Aquasun 150L Non-Pressurized Solar Water Heater Price in Kenya","Buy Aquasun 150L Non-Pressurized Solar Water Heater in Nairobi, Kenya. Economical gravity hot water system with 5-year warranty.","aquasun 150l solar water heater price kenya, non pressurized solar water heater","https://nuruenergy.co.ke/products/aquasun-150l-non-pressurized-solar-water-heater",0
"Aquasun 200L Non-Pressurized Solar Water Heater","aquasun-200l-non-pressurized-solar-water-heater","SWH-AQS-200NP","AQS-200L-NP","200-Liter non-pressurized evacuated tube solar water heater.","Aquasun 200L non-pressurized solar water heater with 20 high absorption three-target evacuated tubes, polyurethane insulation, and automatic water refilling.","DRAFT",0.0,0.0,0.0,72.0,"175.0 x 150.0 x 135.0 cm",true,true,"aquasun","solar-water-heaters","Aquasun 200L Non-Pressurized Solar Water Heater Price in Kenya","Buy Aquasun 200L Non-Pressurized Solar Water Heater in Nairobi, Kenya. Reliable solar hot water for residential homes.","aquasun 200l non pressurized solar heater price, 200l solar water heater kenya","https://nuruenergy.co.ke/products/aquasun-200l-non-pressurized-solar-water-heater",0
"Aquasun 300L Non-Pressurized Solar Water Heater","aquasun-300l-non-pressurized-solar-water-heater","SWH-AQS-300NP","AQS-300L-NP","300-Liter high capacity non-pressurized solar water heater.","Aquasun 300L non-pressurized solar water heater with 30 evacuated glass tubes, providing up to 300 liters of boiling hot water daily for large families and guesthouses.","DRAFT",0.0,0.0,0.0,98.0,"235.0 x 150.0 x 135.0 cm",true,true,"aquasun","solar-water-heaters","Aquasun 300L Non-Pressurized Solar Water Heater Price in Kenya","Buy Aquasun 300L Non-Pressurized Solar Water Heater in Nairobi, Kenya. Affordable high capacity solar water heating system.","aquasun 300l solar water heater price, non pressurized solar water heater 300l","https://nuruenergy.co.ke/products/aquasun-300l-non-pressurized-solar-water-heater",0
"Phoenix 200L Pressurized Solar Water Heater","phoenix-200l-pressurized-solar-water-heater","SWH-PHX-200P","PHX-200L-P","200-Liter high-pressure heat pipe solar water heating system.","Phoenix 200L pressurized solar water heater engineered with high-efficiency copper heat pipe evacuated tubes, SUS304-2B stainless steel tank, and magnesium anode anti-scaling rod.","DRAFT",0.0,0.0,0.0,86.0,"180.0 x 160.0 x 140.0 cm",true,true,"phoenix","solar-water-heaters","Phoenix 200L Pressurized Solar Water Heater Price in Kenya","Buy Phoenix 200L Pressurized Solar Water Heater in Nairobi, Kenya. Reliable heat-pipe solar hot water for residential homes with 5-year warranty.","phoenix 200l solar water heater price kenya, pressurized solar water heater 200l","https://nuruenergy.co.ke/products/phoenix-200l-pressurized-solar-water-heater",0
"Phoenix 300L Pressurized Solar Water Heater","phoenix-300l-pressurized-solar-water-heater","SWH-PHX-300P","PHX-300L-P","300-Liter commercial pressurized heat pipe solar water heater.","Phoenix 300L high-pressure solar water heating system featuring 30 evacuated heat pipe tubes, intelligent temperature controller, and dual-layer polyurethane thermal insulation.","DRAFT",0.0,0.0,0.0,118.0,"240.0 x 160.0 x 140.0 cm",true,true,"phoenix","solar-water-heaters","Phoenix 300L Pressurized Solar Water Heater Price in Kenya","Buy Phoenix 300L Pressurized Solar Water Heater in Nairobi, Kenya. Maximum hot water delivery for large residences, villas, and commercial properties.","phoenix 300l solar water heater price kenya, 300l heat pipe solar heater","https://nuruenergy.co.ke/products/phoenix-300l-pressurized-solar-water-heater",0
"Phoenix 200L Non-Pressurized Solar Water Heater","phoenix-200l-non-pressurized-solar-water-heater","SWH-PHX-200NP","PHX-200L-NP","200-Liter gravity non-pressurized solar water heating unit.","Phoenix 200L non-pressurized solar water heater built with 20 borosilicate glass vacuum tubes, 50mm high-density thermal foam insulation, and corrosion-resistant frame.","DRAFT",0.0,0.0,0.0,70.0,"175.0 x 150.0 x 135.0 cm",true,true,"phoenix","solar-water-heaters","Phoenix 200L Non-Pressurized Solar Water Heater Price in Kenya","Buy Phoenix 200L Non-Pressurized Solar Water Heater in Nairobi, Kenya. High efficiency gravity solar water heater for 4-6 persons.","phoenix 200l non pressurized solar heater price, 200l solar water heater kenya","https://nuruenergy.co.ke/products/phoenix-200l-non-pressurized-solar-water-heater",0
"Phoenix 300L Non-Pressurized Solar Water Heater","phoenix-300l-non-pressurized-solar-water-heater","SWH-PHX-300NP","PHX-300L-NP","300-Liter high-capacity non-pressurized solar water heating unit.","Phoenix 300L non-pressurized solar water heater with 30 high-absorption vacuum tubes delivering abundant boiling water for large domestic and commercial setups.","DRAFT",0.0,0.0,0.0,96.0,"235.0 x 150.0 x 135.0 cm",true,true,"phoenix","solar-water-heaters","Phoenix 300L Non-Pressurized Solar Water Heater Price in Kenya","Buy Phoenix 300L Non-Pressurized Solar Water Heater in Nairobi, Kenya. Economical large-scale solar hot water system.","phoenix 300l solar water heater price, non pressurized solar water heater 300l","https://nuruenergy.co.ke/products/phoenix-300l-non-pressurized-solar-water-heater",0
"Phoenix 300L Flat Panel Solar Water Heater","phoenix-300l-flat-panel-solar-water-heater","SWH-PHX-300FP","PHX-300L-FP","300-Liter architectural flat panel glazed solar water heating system.","Phoenix 300L flat plate solar water heating system featuring ultra-durable tempered blue-coating solar thermal collectors, pressurized storage cylinder, and sleek roof profile.","DRAFT",0.0,0.0,0.0,125.0,"200.0 x 200.0 x 140.0 cm",true,true,"phoenix","solar-water-heaters","Phoenix 300L Flat Panel Solar Water Heater Price in Kenya","Buy Phoenix 300L Flat Plate Collector Solar Water Heater in Nairobi, Kenya. Premium architectural aesthetic with maximum storm and hail resistance.","phoenix 300l flat panel solar heater price kenya, flat plate solar water heater","https://nuruenergy.co.ke/products/phoenix-300l-flat-panel-solar-water-heater",0
